,bus,status,offered_mwh,cut_equal_mwh,cut_priority_rule_mwh,extra_cut_mwh,station
51971-1,51911,non-priority,5541.115946128005,492.24677416679606,3721.7144143448622,3229.467640178066,51911 CROAGHONAGH
51972-1,51911,non-priority,2916.3768137515817,0.0,1720.8099570222437,1720.8099570222437,51911 CROAGHONAGH
68402-1,5191,non-priority,2989.061242009171,102.80045451392562,879.6548118534674,776.8543573395418,5191 TIEVEBRACK
68204-1,3581,non-priority,1826.0091501133531,302.59270457106095,1014.160395729687,711.5676911586261,3581 LETTERKENNY
68260-1,1571,non-priority,1485.2355699787918,97.47971625485116,698.4457293383343,600.9660130834832,1571 ARDNAGAPPARY
68269-1,1341,non-priority,1355.4684877393652,0.0,187.4200907876616,187.4200907876616,1341 BINBANE
43774-2,4371,non-priority,2211.0685505444017,60.86487447082254,181.83779453665488,120.97292006583234,4371 GLENREE
43771-1,4371,non-priority,1812.8819740920426,49.903850224978896,158.42438225880028,108.52053203382138,4371 GLENREE
68268-1,1341,non-priority,284.64838242526673,0.0,52.03320143000818,52.03320143000818,1341 BINBANE
68407-1,1341,non-priority,637.0701892375016,0.0,34.186370652255164,34.186370652255164,1341 BINBANE
68244-1,1341,non-priority,128.76950633523967,0.0,25.227859985848625,25.227859985848625,1341 BINBANE
68269-2,1341,non-priority,243.98432779308575,0.0,20.28239030609592,20.28239030609592,1341 BINBANE
16385-1,1631,non-priority,1274.5221730778799,801.856085412268,818.017075556475,16.16099014420695,1631 CORDERRY
13476-3,1341,non-priority,806.5037502049222,520.2213070772771,535.8767124425725,15.65540536529545,1341 BINBANE
13473-4,1341,non-priority,677.056509625813,436.723601487563,450.59874276428565,13.875141276722673,1341 BINBANE
69197-1,17010,non-priority,1297.6041955722371,0.0,13.761721786536327,13.761721786536327,17010 CATH FALL
16392-1,1631,non-priority,933.8700693255657,575.9609650707255,588.6004682384558,12.639503167730368,1631 CORDERRY
16382-1,1631,non-priority,797.0635608392245,504.00826303658664,515.0042127374344,10.995949700847746,1631 CORDERRY
13475-6,1341,non-priority,518.4666965603071,334.4279831211067,345.0530913059844,10.625108184877718,1341 BINBANE
16377-1,1631,non-priority,701.5718383914934,443.6258549955286,453.30444152928214,9.67858653375356,1631 CORDERRY
68223-1,1341,non-priority,33.88671219348413,0.0,8.35507051406173,8.35507051406173,1341 BINBANE
13474-1,1341,non-priority,406.64054632180955,262.29645734988765,270.62987553410545,8.333418184217805,1341 BINBANE
16374-4,1631,non-priority,596.3360626327694,377.0819767461993,385.3087752998898,8.226798553690514,1631 CORDERRY
16373-3,1631,non-priority,530.0765001180173,335.183979329955,342.4966891554576,7.312709825502623,1631 CORDERRY
15772-1,1571,non-priority,248.09057404990955,181.3333162465866,186.96021719816864,5.62690095158203,1571 ARDNAGAPPARY
16376-6,1631,non-priority,385.8645111153214,243.99422024754074,249.3174428411052,5.323222593564452,1631 CORDERRY
16375-1,1631,non-priority,308.69160889225714,195.19537619803262,199.45395427288415,4.258578074851528,1631 CORDERRY
15771-1,1571,non-priority,163.7397788729403,119.67998872274715,123.39374335079128,3.7137546280441285,1571 ARDNAGAPPARY
16372-2,1631,non-priority,265.03825005900865,167.5919896649775,171.2483445777288,3.6563549127513113,1631 CORDERRY
13472-DW,1341,non-priority,172.82223218676904,111.47599437370224,115.01769710199481,3.5417027282925773,1341 BINBANE
17078-1,17010,non-priority,2780.580419083365,1785.337845967889,1788.7732846650554,3.435438697166319,17010 CATH FALL
16371-1,1631,non-priority,265.03825005900865,168.3355255514465,171.2483445777288,2.912819026282307,1631 CORDERRY
13479-9,1341,non-priority,230.42964291569206,148.6346591649363,150.59259256110715,1.9579333961708585,1341 BINBANE
13478-1,1341,non-priority,203.32027316090478,131.14822867494382,132.8758169656828,1.7275882907389644,1341 BINBANE
16378-1,1631,non-priority,124.56797752773407,78.76823514253942,80.48672195153254,1.71848680899312,1631 CORDERRY
13477-2,1341,non-priority,172.82223218676904,111.47599437370224,112.94444442083037,1.4684500471281297,1341 BINBANE
17075-7,1341,non-priority,134.19138028619716,86.55783092546292,87.69803919735065,1.1402082718877296,1341 BINBANE
35873-3,3581,non-priority,310.4215555192701,246.16110540108127,247.230013956219,1.0689085551377389,3581 LETTERKENNY
13471-1,1341,non-priority,44.73046009539905,28.85261030848764,29.769286308751603,0.916676000263962,1341 BINBANE
35872-2,3581,non-priority,223.68612088888582,177.38079653901445,178.15103946845193,0.7702429294374724,3581 LETTERKENNY
35871-1,3581,non-priority,232.81616663945255,184.84897984118555,185.42251046716422,0.5735306259786626,3581 LETTERKENNY
16379-2,1631,non-priority,22.606203681503676,14.294610883189254,14.606476449276865,0.3118655660876115,1631 CORDERRY
35875-1,3581,non-priority,1369.5068625850151,1082.2639591815223,1082.3292673928888,0.06530821136652776,3581 LETTERKENNY
17077-8,1341,non-priority,1.3554684877393652,0.8743215244996255,0.8858387797712186,0.011517255271593085,1341 BINBANE
35876-3,3581,non-priority,1084.649435167332,850.3007660609414,850.3007660609421,6.821210263296962e-13,3581 LETTERKENNY
68312-1,4371,non-priority,809.322309862519,0.0,0.0,0.0,4371 GLENREE
49871-1,4981,priority,246.50592982076435,0.0,0.0,0.0,4981 SLIGO
68101-1,4981,priority,362.50872032465344,0.0,0.0,0.0,4981 SLIGO
68254-1,4371,non-priority,171.576329690854,0.0,0.0,0.0,4371 GLENREE
68087-1,4981,priority,462.1986184139331,0.0,0.0,0.0,4981 SLIGO
35877-6,3581,non-priority,455.58928295328167,356.4407441288853,356.4407441288853,0.0,3581 LETTERKENNY
35971-1,3591,non-priority,2242.7645020940427,1758.7540305647633,1758.754030564752,-1.1368683772161603e-11,3591 LENALEA
49979-3,4991,priority,14.531707854304777,9.249290279860968,1.363037496729099,-7.886252783131869,4991 SORNE HILL
49977-1,4991,priority,29.063415708609554,19.29560119558917,2.726074993458198,-16.569526202130973,4991 SORNE HILL
68284-1,5361,priority,334.22928064900987,46.40196326472483,22.254601118429605,-24.147362146295222,5361 TRILLICK
68195-1,5361,priority,193.75610472406373,38.23268349714709,12.901218039669345,-25.331465457477748,5361 TRILLICK
40471-1,4041,priority,412.09137373682995,32.36873693200221,0.0,-32.36873693200221,4041 MOY
49978-2,4991,priority,67.8146366534223,44.91982485899117,6.360841651402467,-38.5589832075887,4991 SORNE HILL
49992-1,4991,priority,101.72195498013346,64.7450319590268,9.5412624771037,-55.2037694819231,4991 SORNE HILL
49972-7,4991,priority,111.40976021633662,76.34771496618568,11.788021002687572,-64.5596939634981,4991 SORNE HILL
53672-2,5361,priority,232.50732566887643,97.83876868945973,18.74866482720438,-79.09010386225535,5361 TRILLICK
53671-1,5361,priority,242.19513090507965,110.2278939859481,20.40167860192733,-89.82621538402077,5361 TRILLICK
49975-4,4991,priority,203.44390996026692,137.16859282413682,19.845158031423352,-117.32343479271347,4991 SORNE HILL
49974-6,4991,priority,205.8658612693177,139.92343677729068,21.782212722357457,-118.14122405493322,4991 SORNE HILL
53674-4,5361,priority,483.9058715483492,168.7188416469658,37.645446411362514,-131.0733952356033,5361 TRILLICK
53673-3,5361,priority,678.146366534223,257.9471760132843,54.68360574601286,-203.26357026727146,5361 TRILLICK
49973-2,4991,priority,358.4487937395179,243.63139580045907,37.92667626951652,-205.70471953094255,4991 SORNE HILL
49976-3,4991,priority,445.6390408653465,298.7893988327051,41.79981656635903,-256.9895822663461,4991 SORNE HILL
19372-2,1931,priority,710.1851783688986,372.13843611004324,0.0,-372.13843611004324,1931 CUNGHILL
40773-3,4071,priority,1020.985183611177,695.8253822791219,33.97657213515163,-661.8488101439702,4071 MEENTYCAT
19371-1,1931,priority,1526.4161073539676,811.3289443588496,0.0,-811.3289443588496,1931 CUNGHILL
40772-2,4071,priority,1317.0708868584186,917.7253059739216,43.82977805434575,-873.8955279195759,4071 MEENTYCAT
49971-1,4991,priority,1525.829324702002,1080.7794867389673,163.11991305762285,-917.6595736813445,4991 SORNE HILL
40771-1,4071,priority,3857.8654437879477,2841.5431156749873,166.36436821338248,-2675.178747461605,4071 MEENTYCAT
