rule,generator,bus,station,class,cum_cut_MWh,cum_avail_MWh,r,hours_cut
rule1,13471-1,1341,Binbane,P,113.64667217271841,1806.8237946000002,0.06289859172342693,911
rule1,13473-4,1341,Binbane,P,1735.2305058731831,27348.741981900002,0.06344827513534615,920
rule1,13474-1,1341,Binbane,P,1051.6862274627586,16425.67086,0.06402698778190169,926
rule1,13475-6,1341,Binbane,P,1347.5656102516068,20942.7303465,0.06434526864243445,930
rule1,13476-3,1341,Binbane,P,2119.083143696842,32577.580539,0.0650472843175078,940
rule1,13479-9,1341,Binbane,P,606.8273546586813,9307.880154,0.06519501160507543,942
rule1,15771-1,1571,Ardnagappary,P,401.56954438112115,5314.771836,0.0755572500142076,1107
rule1,15772-1,1571,Ardnagappary,P,609.6326901583532,8052.6846,0.07570552187755537,1108
rule1,16373-3,1631,Corderry,P,1403.445403846874,18388.098960000003,0.07632357248565046,1115
rule1,16374-4,1631,Corderry,P,1585.3751335673915,20686.611330000003,0.07663773966054357,1121
rule1,16377-1,1631,Corderry,P,1878.346021287745,24337.1898,0.07718007036653612,1128
rule1,16379-2,1631,Corderry,P,60.66846997844836,784.1983379999999,0.07736368089375925,1130
rule1,16382-1,1631,Corderry,P,2148.978871146886,27649.751745,0.07772145265410903,1137
rule1,16392-1,1631,Corderry,P,2538.835216672256,32395.503756000002,0.0783699872610265,1147
rule1,17075-7,1341,Binbane,P,453.4628825832161,5420.4713838,0.08365746269567385,1230
rule1,17077-8,1341,Binbane,P,4.582355844789041,54.7522362,0.08369257883916423,1230
rule1,19371-1,1931,Cunghill,P,5300.1141976111785,64007.963800000005,0.08280398067609171,1255
rule1,19372-2,1931,Cunghill,P,2472.076702798724,29780.547368,0.0830097805876811,1259
rule1,26732-1,2671,Garvagh,N,7985.683898525783,91940.4948,0.08685709072914172,1308
rule1,26771-1,2671,Garvagh,P,6106.6994518138345,70307.4372,0.08685709072914173,1308
rule1,26773-1,2671,Garvagh,P,5167.20722845786,59490.9084,0.08685709072914173,1308
rule1,35971-1,3591,Lenalea,P,7215.679720631647,83960.75898500001,0.0859410968631282,1308
rule1,40471-1,4041,Moy,P,1373.5838757317592,17036.26302,0.08062706440486497,1308
rule1,40771-1,4071,Meentycat,P,12641.612235581431,146494.080412,0.08629435537619101,1308
rule1,40772-2,4071,Meentycat,P,4315.832078914947,50012.9128968,0.08629435537619103,1308
rule1,40773-3,4071,Meentycat,P,3345.6062627247647,38769.69992,0.08629435537619103,1308
rule1,40971-1,4091,Mulreavy,P,19634.04083364366,216648.82652,0.09062611207742284,1308
rule1,40972-2,4091,Mulreavy,P,1017.6179700364091,11228.750155,0.09062611207742284,1308
rule1,40973-1,4091,Mulreavy,P,861.9822805014289,9511.411896,0.09062611207742285,1308
rule1,43771-1,4371,Glenree,N,6575.856172374881,80449.41716000001,0.08173901570096695,1308
rule1,43774-2,4371,Glenree,P,8020.196010235792,98119.5570005,0.08173901570096695,1308
rule1,49971-1,4991,Sorne Hill,P,7124.0497279734145,88920.51966,0.08011705009387272,1308
rule1,49973-2,4991,Sorne Hill,P,1673.586285301691,20889.264936,0.08011705009387272,1308
rule1,49976-3,4991,Sorne Hill,P,2080.674841185886,25970.437487999996,0.08011705009387274,1308
rule1,49977-1,4991,Sorne Hill,P,135.6961852947317,1693.7241839999997,0.08011705009387274,1308
rule1,49979-3,4991,Sorne Hill,P,67.84809264736585,846.8620919999998,0.08011705009387274,1308
rule1,53673-3,5361,Trillick,P,3166.2443235437395,39520.23096,0.08011705009387271,1308
rule1,53674-4,5361,Trillick,P,2259.3414851572825,28200.5076636,0.08011705009387271,1308
rule1,67059-1,5241,Tawnaghmore,P,4403.8933415721285,52882.883327999996,0.08327634698466585,1308
rule1,67059-2,5241,Tawnaghmore,P,2477.190004634322,29746.621872000003,0.08327634698466584,1308
rule1,68087-1,4981,Sligo,P,1790.5872649403636,20487.4008165,0.08739943543732853,1308
rule1,68101-1,4981,Sligo,P,1404.3821685806774,16068.549659999999,0.08739943543732855,1308
rule1,68223-1,1341,Binbane,P,119.76545958736185,1368.805905,0.08749630546586651,1308
rule1,68254-1,4371,Glenree,N,622.3578163140512,7613.9626955,0.08173901570096695,1308
rule1,68260-1,1571,Ardnagappary,N,4162.981082495906,48208.738472,0.08635324661967243,1308
rule1,68269-1,1341,Binbane,P,4790.618383494473,54752.2362,0.0874963054658665,1308
rule1,68269-2,1341,Binbane,N,862.3113090290052,9855.402516,0.0874963054658665,1308
rule1,68284-1,5361,Trillick,P,1560.5061308894146,19477.828116000004,0.08011705009387271,1308
rule1,68308-1,4091,Mulreavy,P,1292.9734207521433,14267.117844,0.09062611207742284,1308
rule1,68312-1,4371,Glenree,N,2935.6500769530717,35914.918374999994,0.08173901570096698,1308
rule1,69197-1,17010,Cathaleen's Fall,P,4157.4683999900835,47951.9999,0.08670062580622594,1308
rule2,13471-1,1341,Binbane,P,0.0,1806.8237946000002,0.0,0
rule2,13473-4,1341,Binbane,P,0.0,27348.741981900002,0.0,0
rule2,13474-1,1341,Binbane,P,0.0,16425.67086,0.0,0
rule2,13475-6,1341,Binbane,P,0.0,20942.7303465,0.0,0
rule2,13476-3,1341,Binbane,P,0.0,32577.580539,0.0,0
rule2,13479-9,1341,Binbane,P,0.0,9307.880154,0.0,0
rule2,15771-1,1571,Ardnagappary,P,0.0,5314.771836,0.0,0
rule2,15772-1,1571,Ardnagappary,P,0.0,8052.6846,0.0,0
rule2,16373-3,1631,Corderry,P,0.0,18388.098960000003,0.0,0
rule2,16374-4,1631,Corderry,P,0.0,20686.611330000003,0.0,0
rule2,16377-1,1631,Corderry,P,0.0,24337.1898,0.0,0
rule2,16379-2,1631,Corderry,P,0.0,784.1983379999999,0.0,0
rule2,16382-1,1631,Corderry,P,0.0,27649.751745,0.0,0
rule2,16392-1,1631,Corderry,P,0.0,32395.503756000002,0.0,0
rule2,17075-7,1341,Binbane,P,0.0,5420.4713838,0.0,0
rule2,17077-8,1341,Binbane,P,0.0,54.7522362,0.0,0
rule2,19371-1,1931,Cunghill,P,21309.166542635823,64007.963800000005,0.33291430124568067,1185
rule2,19372-2,1931,Cunghill,P,9960.893049654587,29780.547368,0.33447649321442074,1189
rule2,26732-1,2671,Garvagh,N,0.0,91940.4948,0.0,0
rule2,26771-1,2671,Garvagh,P,0.0,70307.4372,0.0,0
rule2,26773-1,2671,Garvagh,P,0.0,59490.9084,0.0,0
rule2,35971-1,3591,Lenalea,P,0.0,83960.75898500001,0.0,0
rule2,40471-1,4041,Moy,P,0.0,17036.26302,0.0,0
rule2,40771-1,4071,Meentycat,P,653.1885296892826,146494.080412,0.004458804941826011,35
rule2,40772-2,4071,Meentycat,P,222.99782317936564,50012.9128968,0.00445880494182601,35
rule2,40773-3,4071,Meentycat,P,172.8665295964075,38769.69992,0.0044588049418260115,35
rule2,40971-1,4091,Mulreavy,P,18059.5895922267,216648.82652,0.08335881565718763,539
rule2,40972-2,4091,Mulreavy,P,936.0153142312618,11228.750155,0.08335881565718761,539
rule2,40973-1,4091,Mulreavy,P,792.8600308782453,9511.411896,0.08335881565718761,539
rule2,43771-1,4371,Glenree,N,20921.185960898412,80449.41716000001,0.26005391585733656,1082
rule2,43774-2,4371,Glenree,P,25516.375020167172,98119.5570005,0.2600539158573366,1082
rule2,49971-1,4991,Sorne Hill,P,57.637620004116044,88920.51966,0.0006481925682002479,4
rule2,49973-2,4991,Sorne Hill,P,13.54026628668123,20889.264936,0.000648192568200248,4
rule2,49976-3,4991,Sorne Hill,P,16.833844572630717,25970.437487999996,0.000648192568200248,4
rule2,49977-1,4991,Sorne Hill,P,1.0978594286498295,1693.7241839999997,0.0006481925682002483,4
rule2,49979-3,4991,Sorne Hill,P,0.5489297143249148,846.8620919999998,0.0006481925682002483,4
rule2,53673-3,5361,Trillick,P,51.173408782259244,39520.23096,0.001294866136639077,5
rule2,53674-4,5361,Trillick,P,36.515882409626414,28200.5076636,0.001294866136639077,5
rule2,67059-1,5241,Tawnaghmore,P,0.0,52882.883327999996,0.0,0
rule2,67059-2,5241,Tawnaghmore,P,0.0,29746.621872000003,0.0,0
rule2,68087-1,4981,Sligo,P,7969.944375002543,20487.4008165,0.3890168619429637,1308
rule2,68101-1,4981,Sligo,P,6250.936764707876,16068.549659999999,0.3890168619429637,1308
rule2,68223-1,1341,Binbane,P,0.0,1368.805905,0.0,0
rule2,68254-1,4371,Glenree,N,1980.0408141564567,7613.9626955,0.26005391585733656,1082
rule2,68260-1,1571,Ardnagappary,N,0.0,48208.738472,0.0,0
rule2,68269-1,1341,Binbane,P,0.0,54752.2362,0.0,0
rule2,68269-2,1341,Binbane,N,0.0,9855.402516,0.0,0
rule2,68284-1,5361,Trillick,P,25.221180042684914,19477.828116000004,0.0012948661366390768,5
rule2,68308-1,4091,Mulreavy,P,1189.2900463173683,14267.117844,0.08335881565718763,539
rule2,68312-1,4371,Glenree,N,9339.81516111536,35914.918374999994,0.2600539158573366,1082
rule2,69197-1,17010,Cathaleen's Fall,P,9058.734883704587,47951.9999,0.18891255636044046,653
rule3,13471-1,1341,Binbane,P,0.0,1806.8237946000002,0.0,0
rule3,13473-4,1341,Binbane,P,0.0,27348.741981900002,0.0,0
rule3,13474-1,1341,Binbane,P,0.0,16425.67086,0.0,0
rule3,13475-6,1341,Binbane,P,0.0,20942.7303465,0.0,0
rule3,13476-3,1341,Binbane,P,0.0,32577.580539,0.0,0
rule3,13479-9,1341,Binbane,P,0.0,9307.880154,0.0,0
rule3,15771-1,1571,Ardnagappary,P,0.0,5314.771836,0.0,0
rule3,15772-1,1571,Ardnagappary,P,0.0,8052.6846,0.0,0
rule3,16373-3,1631,Corderry,P,0.0,18388.098960000003,0.0,0
rule3,16374-4,1631,Corderry,P,0.0,20686.611330000003,0.0,0
rule3,16377-1,1631,Corderry,P,0.0,24337.1898,0.0,0
rule3,16379-2,1631,Corderry,P,0.0,784.1983379999999,0.0,0
rule3,16382-1,1631,Corderry,P,0.0,27649.751745,0.0,0
rule3,16392-1,1631,Corderry,P,0.0,32395.503756000002,0.0,0
rule3,17075-7,1341,Binbane,P,0.0,5420.4713838,0.0,0
rule3,17077-8,1341,Binbane,P,0.0,54.7522362,0.0,0
rule3,19371-1,1931,Cunghill,P,20870.877609082498,64007.963800000005,0.32606688871240885,1144
rule3,19372-2,1931,Cunghill,P,10399.181983207913,29780.547368,0.3491937825958872,1189
rule3,26732-1,2671,Garvagh,N,0.0,91940.4948,0.0,0
rule3,26771-1,2671,Garvagh,P,0.0,70307.4372,0.0,0
rule3,26773-1,2671,Garvagh,P,0.0,59490.9084,0.0,0
rule3,35971-1,3591,Lenalea,P,0.0,83960.75898500001,0.0,0
rule3,40471-1,4041,Moy,P,0.0,17036.26302,0.0,0
rule3,40771-1,4071,Meentycat,P,378.31014692604845,146494.080412,0.002582426169454007,14
rule3,40772-2,4071,Meentycat,P,296.64151236203384,50012.9128968,0.005931298442347156,25
rule3,40773-3,4071,Meentycat,P,374.10122317697335,38769.69992,0.009649319544616515,35
rule3,40971-1,4091,Mulreavy,P,15101.576467396848,216648.82652,0.06970532317193393,463
rule3,40972-2,4091,Mulreavy,P,1791.3187818977526,11228.750155,0.15952966778765706,486
rule3,40973-1,4091,Mulreavy,P,1585.4413539954323,9511.411896,0.1666883288549606,509
rule3,43771-1,4371,Glenree,N,17639.443636419237,80449.41716000001,0.21926129808171793,832
rule3,43774-2,4371,Glenree,P,26777.46495601916,98119.5570005,0.272906500748701,1017
rule3,49971-1,4991,Sorne Hill,P,38.265280475266024,88920.51966,0.0004303312736090461,3
rule3,49973-2,4991,Sorne Hill,P,19.968308,20889.264936,0.0009559124297182499,3
rule3,49976-3,4991,Sorne Hill,P,28.186434531136605,25970.437487999996,0.0010853276747517459,4
rule3,49977-1,4991,Sorne Hill,P,2.158998,1693.7241839999997,0.0012747045949956161,4
rule3,49979-3,4991,Sorne Hill,P,1.079499,846.8620919999998,0.0012747045949956161,4
rule3,53673-3,5361,Trillick,P,50.37662,39520.23096,0.001274704594995616,4
rule3,53674-4,5361,Trillick,P,35.9473167,28200.5076636,0.001274704594995616,4
rule3,67059-1,5241,Tawnaghmore,P,0.0,52882.883327999996,0.0,0
rule3,67059-2,5241,Tawnaghmore,P,0.0,29746.621872000003,0.0,0
rule3,68087-1,4981,Sligo,P,7874.814879901496,20487.4008165,0.3843735450111042,1269
rule3,68101-1,4981,Sligo,P,6346.066259808922,16068.549659999999,0.39493709103108454,1308
rule3,68223-1,1341,Binbane,P,0.0,1368.805905,0.0,0
rule3,68254-1,4371,Glenree,N,2284.0159574406434,7613.9626955,0.29997729812762824,1032
rule3,68260-1,1571,Ardnagappary,N,0.0,48208.738472,0.0,0
rule3,68269-1,1341,Binbane,P,0.0,54752.2362,0.0,0
rule3,68269-2,1341,Binbane,N,0.0,9855.402516,0.0,0
rule3,68284-1,5361,Trillick,P,26.586534534570436,19477.828116000004,0.0013649640183820602,5
rule3,68308-1,4091,Mulreavy,P,2499.4183803635415,14267.117844,0.175187336902433,539
rule3,68312-1,4371,Glenree,N,11056.492406458357,35914.918374999994,0.30785236071021305,1082
rule3,69197-1,17010,Cathaleen's Fall,P,9058.734883704587,47951.9999,0.18891255636044046,653
rule1N,13471-1,1341,Binbane,P,59.93425506561927,1806.8237946000002,0.033171056992244055,661
rule1N,13473-4,1341,Binbane,P,917.3615537531364,27348.741981900002,0.03354309877800838,668
rule1N,13474-1,1341,Binbane,P,556.2129416738017,16425.67086,0.0338624185529188,673
rule1N,13475-6,1341,Binbane,P,711.9254468393883,20942.7303465,0.033993917462551246,676
rule1N,13476-3,1341,Binbane,P,1118.7187407868046,32577.580539,0.034340141971179815,683
rule1N,13479-9,1341,Binbane,P,320.003660739873,9307.880154,0.03437986474313955,685
rule1N,15771-1,1571,Ardnagappary,P,209.4527335189439,5314.771836,0.03940954381149541,807
rule1N,15772-1,1571,Ardnagappary,P,317.82415178078094,8052.6846,0.039468098847529796,808
rule1N,16373-3,1631,Corderry,P,728.4274696944374,18388.098960000003,0.03961407164922269,815
rule1N,16374-4,1631,Corderry,P,823.4079696679512,20686.611330000003,0.03980390778038324,820
rule1N,16377-1,1631,Corderry,P,972.5875999336813,24337.1898,0.039963019885462754,824
rule1N,16379-2,1631,Corderry,P,31.412710883503927,784.1983379999999,0.040057099538897425,826
rule1N,16382-1,1631,Corderry,P,1111.0549781384138,27649.751745,0.040183180969765114,831
rule1N,16392-1,1631,Corderry,P,1309.170329468223,32395.503756000002,0.04041209975707664,839
rule1N,17075-7,1341,Binbane,P,227.4684278700975,5420.4713838,0.04196469490641083,891
rule1N,17077-8,1341,Binbane,P,2.2976608875767424,54.7522362,0.041964694906410825,891
rule1N,19371-1,1931,Cunghill,P,2643.084930542324,64007.963800000005,0.04129306376314261,905
rule1N,19372-2,1931,Cunghill,P,1230.3900134304185,29780.547368,0.041315224942860045,908
rule1N,26732-1,2671,Garvagh,N,31986.705351370212,91940.4948,0.34790660438527693,1308
rule1N,26771-1,2671,Garvagh,P,2959.324685972513,70307.4372,0.04209120405789038,920
rule1N,26773-1,2671,Garvagh,P,2504.0439650536646,59490.9084,0.04209120405789037,920
rule1N,35971-1,3591,Lenalea,P,3511.2019263682546,83960.75898500001,0.041819559146619285,920
rule1N,40471-1,4041,Moy,P,666.5496274274171,17036.26302,0.03912534260858208,920
rule1N,40771-1,4071,Meentycat,P,6142.938472343832,146494.080412,0.041933015006937,920
rule1N,40772-2,4071,Meentycat,P,2097.1922270421474,50012.9128968,0.041933015006937,920
rule1N,40773-3,4071,Meentycat,P,1625.730408559804,38769.69992,0.04193301500693699,920
rule1N,40971-1,4091,Mulreavy,P,9534.670879325311,216648.82652,0.04400979701796407,920
rule1N,40972-2,4091,Mulreavy,P,494.1750150869826,11228.750155,0.04400979701796407,920
rule1N,40973-1,4091,Mulreavy,P,418.59530689720873,9511.411896,0.044009797017964064,920
rule1N,43771-1,4371,Glenree,N,26330.348447985165,80449.41716000001,0.3272907297217411,1308
rule1N,43774-2,4371,Glenree,P,3873.4695579657428,98119.5570005,0.03947703879203209,920
rule1N,49971-1,4991,Sorne Hill,P,3482.7665104074836,88920.51966,0.03916718574884995,920
rule1N,49973-2,4991,Sorne Hill,P,818.1737199052501,20889.264936,0.03916718574884995,920
rule1N,49976-3,4991,Sorne Hill,P,1017.188949071392,25970.437487999996,0.039167185748849954,920
rule1N,49977-1,4991,Sorne Hill,P,66.33840972204729,1693.7241839999997,0.03916718574884994,920
rule1N,49979-3,4991,Sorne Hill,P,33.169204861023644,846.8620919999998,0.03916718574884994,920
rule1N,53673-3,5361,Trillick,P,1547.8962268477703,39520.23096,0.03916718574884994,920
rule1N,53674-4,5361,Trillick,P,1104.5345218720877,28200.5076636,0.03916718574884995,920
rule1N,67059-1,5241,Tawnaghmore,P,2136.818091882329,52882.883327999996,0.04040661093739842,920
rule1N,67059-2,5241,Tawnaghmore,P,1201.9601766838105,29746.621872000003,0.040406610937398425,920
rule1N,68087-1,4981,Sligo,P,869.0022850186585,20487.4008165,0.04241642426006463,920
rule1N,68101-1,4981,Sligo,P,681.5704196224772,16068.549659999999,0.04241642426006463,920
rule1N,68223-1,1341,Binbane,P,57.946910035697954,1368.805905,0.04233391295583135,920
rule1N,68254-1,4371,Glenree,N,2491.9794066843106,7613.9626955,0.32729072972174117,1308
rule1N,68260-1,1571,Ardnagappary,N,16660.261227465067,48208.738472,0.34558591980459047,1308
rule1N,68269-1,1341,Binbane,P,2317.8764014279177,54752.2362,0.04233391295583134,920
rule1N,68269-2,1341,Binbane,N,3471.0942183605803,9855.402516,0.3522021766970294,1308
rule1N,68284-1,5361,Trillick,P,762.891711803544,19477.828116000004,0.03916718574884994,920
rule1N,68308-1,4091,Mulreavy,P,627.8929603458132,14267.117844,0.04400979701796407,920
rule1N,68312-1,4371,Glenree,N,11754.619842850521,35914.918374999994,0.3272907297217412,1308
rule1N,69197-1,17010,Cathaleen's Fall,P,2011.020499109296,47951.9999,0.04193819868416574,920
band0,13471-1,1341,Binbane,P,150.84879538751068,1806.8237946000002,0.08348838212024212,311
band0,13473-4,1341,Binbane,P,2283.002907396097,27348.741981900002,0.08347743778880352,316
band0,13474-1,1341,Binbane,P,1371.7975488837387,16425.67086,0.0835154655524212,315
band0,13475-6,1341,Binbane,P,1749.1390283775265,20942.7303465,0.08352010456314961,316
band0,13476-3,1341,Binbane,P,2719.387135210251,32577.580539,0.08347418961806441,315
band0,13479-9,1341,Binbane,P,777.2769387667961,9307.880154,0.08350740726208926,312
band0,15771-1,1571,Ardnagappary,P,442.54795118626964,5314.771836,0.08326753524744719,278
band0,15772-1,1571,Ardnagappary,P,670.5867810233963,8052.6846,0.08327493430245564,278
band0,16373-3,1631,Corderry,P,1535.948223052127,18388.098960000003,0.08352947340523377,314
band0,16374-4,1631,Corderry,P,1727.5205710283835,20686.611330000003,0.08350911338113216,316
band0,16377-1,1631,Corderry,P,2027.8757924947686,24337.1898,0.08332415571229052,316
band0,16379-2,1631,Corderry,P,65.28834270653206,784.1983379999999,0.08325488533046607,316
band0,16382-1,1631,Corderry,P,2308.7258534500206,27649.751745,0.08349897224185802,313
band0,16392-1,1631,Corderry,P,2705.37431523138,32395.503756000002,0.08351079630086984,316
band0,17075-7,1341,Binbane,P,452.7875874646654,5420.4713838,0.08353288033544427,307
band0,17077-8,1341,Binbane,P,4.573182181346268,54.7522362,0.08352503018582222,304
band0,19371-1,1931,Cunghill,P,5342.661105744111,64007.963800000005,0.08346869340255612,289
band0,19372-2,1931,Cunghill,P,2486.5854901489406,29780.547368,0.0834969706708898,287
band0,26732-1,2671,Garvagh,N,7625.255577954994,91940.4948,0.08293685600172553,421
band0,26771-1,2671,Garvagh,P,5850.537663580622,70307.4372,0.08321363850794183,424
band0,26773-1,2671,Garvagh,P,4942.040923878891,59490.9084,0.08307220475858275,421
band0,35971-1,3591,Lenalea,P,7003.092375788072,83960.75898500001,0.08340911230970659,287
band0,40471-1,4041,Moy,P,1426.0831891549367,17036.26302,0.08370868584740462,292
band0,40771-1,4071,Meentycat,P,12264.062032630649,146494.080412,0.08371711674723781,312
band0,40772-2,4071,Meentycat,P,4186.890214869091,50012.9128968,0.08371618392851066,306
band0,40773-3,4071,Meentycat,P,3237.0246004469423,38769.69992,0.08349367178818604,303
band0,40971-1,4091,Mulreavy,P,18074.13394079148,216648.82652,0.08342594894749157,302
band0,40972-2,4091,Mulreavy,P,938.0268788089062,11228.750155,0.08353795977829433,276
band0,40973-1,4091,Mulreavy,P,796.3165584136109,9511.411896,0.0837222241156962,270
band0,43771-1,4371,Glenree,N,6708.664354132026,80449.41716000001,0.08338984409035122,317
band0,43774-2,4371,Glenree,P,8179.013407577389,98119.5570005,0.08335762673220906,311
band0,49971-1,4991,Sorne Hill,P,7437.495364826054,88920.51966,0.08364205914747636,337
band0,49973-2,4991,Sorne Hill,P,1745.2116922311914,20889.264936,0.08354586423113147,330
band0,49976-3,4991,Sorne Hill,P,2169.6973573597916,25970.437487999996,0.08354489054573419,328
band0,49977-1,4991,Sorne Hill,P,141.57633977556034,1693.7241839999997,0.08358878093197279,327
band0,49979-3,4991,Sorne Hill,P,70.75203142111357,846.8620919999998,0.08354610755338142,325
band0,53673-3,5361,Trillick,P,3301.432649552557,39520.23096,0.0835377873397063,309
band0,53674-4,5361,Trillick,P,2355.854664820368,28200.5076636,0.08353944166264791,310
band0,67059-1,5241,Tawnaghmore,P,4389.071629749533,52882.883327999996,0.08299607270894858,309
band0,67059-2,5241,Tawnaghmore,P,2471.3164397585388,29746.621872000003,0.08307889381162799,307
band0,68087-1,4981,Sligo,P,1713.0478968229274,20487.4008165,0.08361470116029969,270
band0,68101-1,4981,Sligo,P,1342.6930412896104,16068.549659999999,0.08356031313964962,267
band0,68223-1,1341,Binbane,P,114.33545589649398,1368.805905,0.08352934150769462,310
band0,68254-1,4371,Glenree,N,635.2504858669733,7613.9626955,0.08343230867711221,303
band0,68260-1,1571,Ardnagappary,N,4030.2323294326675,48208.738472,0.08359962233347917,294
band0,68269-1,1341,Binbane,P,4572.901020461204,54752.2362,0.0835198950369301,313
band0,68269-2,1341,Binbane,N,823.2038765304711,9855.402516,0.08352818418060756,310
band0,68284-1,5361,Trillick,P,1627.1046637654185,19477.828116000004,0.08353624716653281,310
band0,68308-1,4091,Mulreavy,P,1194.4791878732367,14267.117844,0.0837225290303165,272
band0,68312-1,4371,Glenree,N,2991.5376196853967,35914.918374999994,0.08329512511903063,306
band0,69197-1,17010,Cathaleen's Fall,P,4007.589151882298,47951.9999,0.08357501585418334,282
band1,13471-1,1341,Binbane,P,166.44035648880367,1806.8237946000002,0.09211764699260601,363
band1,13473-4,1341,Binbane,P,2514.106955069029,27348.741981900002,0.09192770024789149,370
band1,13474-1,1341,Binbane,P,1509.682192091465,16425.67086,0.09190992592989684,363
band1,13475-6,1341,Binbane,P,1927.6598759794267,20942.7303465,0.0920443439840967,365
band1,13476-3,1341,Binbane,P,2999.468545504893,32577.580539,0.09207155644705113,368
band1,13479-9,1341,Binbane,P,857.7093811392783,9307.880154,0.09214873493731904,363
band1,15771-1,1571,Ardnagappary,P,488.2842710588143,5314.771836,0.09187304481283368,314
band1,15772-1,1571,Ardnagappary,P,739.8246531194156,8052.6846,0.09187304481283368,314
band1,16373-3,1631,Corderry,P,1157.274037598836,18388.098960000003,0.06293603488409961,264
band1,16374-4,1631,Corderry,P,1303.1855687290777,20686.611330000003,0.06299657048417497,265
band1,16377-1,1631,Corderry,P,1550.5920475103565,24337.1898,0.06371286332780937,267
band1,16379-2,1631,Corderry,P,49.96352153088925,784.1983379999999,0.06371286332780937,267
band1,16382-1,1631,Corderry,P,1770.608296767049,27649.751745,0.0640370413845482,269
band1,16392-1,1631,Corderry,P,2082.5953505535213,32395.503756000002,0.06428655551213035,271
band1,17075-7,1341,Binbane,P,498.221492039198,5420.4713838,0.09191479057120708,365
band1,17077-8,1341,Binbane,P,5.032540323628263,54.7522362,0.09191479057120708,365
band1,19371-1,1931,Cunghill,P,5868.108667995681,64007.963800000005,0.09167779006892389,314
band1,19372-2,1931,Cunghill,P,2730.0722464253195,29780.547368,0.09167300428328781,314
band1,26732-1,2671,Garvagh,N,2259.019526800996,91940.4948,0.024570452135537085,161
band1,26771-1,2671,Garvagh,P,1727.4855204948794,70307.4372,0.024570452135537085,161
band1,26773-1,2671,Garvagh,P,1461.7185173418213,59490.9084,0.024570452135537088,161
band1,35971-1,3591,Lenalea,P,7713.659474741087,83960.75898500001,0.09187219801239731,327
band1,40471-1,4041,Moy,P,1539.8752030286742,17036.26302,0.09038808576862851,323
band1,40771-1,4071,Meentycat,P,13463.457149597438,146494.080412,0.09190444495595185,350
band1,40772-2,4071,Meentycat,P,4597.186933295026,50012.9128968,0.09191999959652761,339
band1,40773-3,4071,Meentycat,P,3563.84739747009,38769.69992,0.09192352287544067,342
band1,40971-1,4091,Mulreavy,P,19900.07682221489,216648.82652,0.09185407159534192,346
band1,40972-2,4091,Mulreavy,P,1030.907854654729,11228.750155,0.09180967074912434,335
band1,40973-1,4091,Mulreavy,P,873.2491380322148,9511.411896,0.09181067412288785,326
band1,43771-1,4371,Glenree,N,7387.842013795058,80449.41716000001,0.09183213843677593,366
band1,43774-2,4371,Glenree,P,9010.528741825041,98119.5570005,0.0918321384367759,366
band1,49971-1,4991,Sorne Hill,P,8153.341497109842,88920.51966,0.09169246343009779,359
band1,49973-2,4991,Sorne Hill,P,1915.3881612258042,20889.264936,0.09169246343009779,359
band1,49976-3,4991,Sorne Hill,P,2381.29338963208,25970.437487999996,0.09169246343009778,359
band1,49977-1,4991,Sorne Hill,P,155.3017428020922,1693.7241839999997,0.09169246343009779,359
band1,49979-3,4991,Sorne Hill,P,77.6508714010461,846.8620919999998,0.09169246343009779,359
band1,53673-3,5361,Trillick,P,3620.596113253194,39520.23096,0.09161373871822114,352
band1,53674-4,5361,Trillick,P,2583.423893346562,28200.5076636,0.09160912718890994,345
band1,67059-1,5241,Tawnaghmore,P,4705.499611277168,52882.883327999996,0.08897963414914138,336
band1,67059-2,5241,Tawnaghmore,P,2646.843531343407,29746.621872000003,0.08897963414914137,336
band1,68087-1,4981,Sligo,P,1880.841003846338,20487.4008165,0.09180476433748293,296
band1,68101-1,4981,Sligo,P,1473.9073477719955,16068.549659999999,0.09172622165403294,295
band1,68223-1,1341,Binbane,P,125.84380668723121,1368.805905,0.0919369256280577,374
band1,68254-1,4371,Glenree,N,699.4190958660529,7613.9626955,0.09186006339109373,363
band1,68260-1,1571,Ardnagappary,N,4429.406363223115,48208.738472,0.091879740138725,320
band1,68269-1,1341,Binbane,P,5032.587606819456,54752.2362,0.09191565415586543,376
band1,68269-2,1341,Binbane,N,906.0754081480645,9855.402516,0.09193692562805768,374
band1,68284-1,5361,Trillick,P,1784.2278827245227,19477.828116000004,0.09160302021860815,348
band1,68308-1,4091,Mulreavy,P,1311.162396426766,14267.117844,0.09190099996112193,333
band1,68312-1,4371,Glenree,N,3301.6542003160157,35914.918374999994,0.0919298817789953,362
band1,69197-1,17010,Cathaleen's Fall,P,4422.172572442281,47951.9999,0.0922208162676085,306
band2,13471-1,1341,Binbane,P,139.81794620561024,1806.8237946000002,0.07738327700989987,332
band2,13473-4,1341,Binbane,P,2117.6070420755286,27348.741981900002,0.07742977879849126,334
band2,13474-1,1341,Binbane,P,1277.105627751269,16425.67086,0.07775059165840786,334
band2,13475-6,1341,Binbane,P,1627.0061033723703,20942.7303465,0.077688347051858,335
band2,13476-3,1341,Binbane,P,2542.734233166161,32577.580539,0.078051659794752,334
band2,13479-9,1341,Binbane,P,726.9105342503324,9307.880154,0.078096249868231,334
band2,15771-1,1571,Ardnagappary,P,529.1399242560949,5314.771836,0.09956023336165186,346
band2,15772-1,1571,Ardnagappary,P,801.1622352311649,8052.6846,0.09949008002016681,345
band2,16373-3,1631,Corderry,P,530.016535993831,18388.098960000003,0.028823889687932747,132
band2,16374-4,1631,Corderry,P,601.480389222176,20686.611330000003,0.0290758297541899,133
band2,16377-1,1631,Corderry,P,707.623987320207,24337.1898,0.029075829754189902,133
band2,16379-2,1631,Corderry,P,23.06217096920667,784.1983379999999,0.02940859455023057,134
band2,16382-1,1631,Corderry,P,820.39207984323,27649.751745,0.029670866031973844,135
band2,16392-1,1631,Corderry,P,963.4520556106756,32395.503756000002,0.029740301705672156,135
band2,17075-7,1341,Binbane,P,485.9654756617267,5420.4713838,0.08965372958413122,377
band2,17077-8,1341,Binbane,P,4.9087421784012815,54.7522362,0.08965372958413124,377
band2,19371-1,1931,Cunghill,P,6442.243288017924,64007.963800000005,0.10064752736311733,360
band2,19372-2,1931,Cunghill,P,2996.4314157765575,29780.547368,0.1006170698862407,357
band2,26732-1,2671,Garvagh,N,842.0793432296055,91940.4948,0.009158960315162513,68
band2,26771-1,2671,Garvagh,P,643.9430271755806,70307.4372,0.009158960315162513,68
band2,26773-1,2671,Garvagh,P,544.8748691485682,59490.9084,0.009158960315162513,68
band2,35971-1,3591,Lenalea,P,8319.761246946331,83960.75898500001,0.09909106763116203,360
band2,40471-1,4041,Moy,P,1158.6917648374294,17036.26302,0.06801325874560427,238
band2,40771-1,4071,Meentycat,P,14716.994015252521,146494.080412,0.10046135634875103,404
band2,40772-2,4071,Meentycat,P,5023.975904936275,50012.9128968,0.10045357516573937,398
band2,40773-3,4071,Meentycat,P,3894.8566391972645,38769.69992,0.10046135634875104,404
band2,40971-1,4091,Mulreavy,P,21837.152047603413,216648.82652,0.10079515499054646,384
band2,40972-2,4091,Mulreavy,P,1131.6265015864003,11228.750155,0.10077938202966458,367
band2,40973-1,4091,Mulreavy,P,958.2842605911395,9511.411896,0.10075100006910052,365
band2,43771-1,4371,Glenree,N,8097.739753167254,80449.41716000001,0.10065628862247997,398
band2,43774-2,4371,Glenree,P,9877.159503799045,98119.5570005,0.10066453422479997,397
band2,49971-1,4991,Sorne Hill,P,8818.166291708363,88920.51966,0.09916908184326689,404
band2,49973-2,4991,Sorne Hill,P,2071.486371696349,20889.264936,0.0991651155769682,401
band2,49976-3,4991,Sorne Hill,P,2575.4644407529195,25970.437487999996,0.09916908184326693,404
band2,49977-1,4991,Sorne Hill,P,167.96507222301648,1693.7241839999997,0.09916908184326693,404
band2,49979-3,4991,Sorne Hill,P,83.98253611150824,846.8620919999998,0.09916908184326693,404
band2,53673-3,5361,Trillick,P,3980.7911659694555,39520.23096,0.100727932739021,389
band2,53674-4,5361,Trillick,P,2840.5788391453475,28200.5076636,0.10072793273902102,389
band2,67059-1,5241,Tawnaghmore,P,2895.659442323751,52882.883327999996,0.05475608098680544,227
band2,67059-2,5241,Tawnaghmore,P,1628.80843630711,29746.621872000003,0.054756080986805435,227
band2,68087-1,4981,Sligo,P,2061.498148235091,20487.4008165,0.10062272743621122,334
band2,68101-1,4981,Sligo,P,1616.8612927334043,16068.549659999999,0.10062272743621122,334
band2,68223-1,1341,Binbane,P,123.30411755592229,1368.805905,0.09008152076603022,377
band2,68254-1,4371,Glenree,N,767.086010178968,7613.9626955,0.10074727718751901,396
band2,68260-1,1571,Ardnagappary,N,4798.017280564769,48208.738472,0.0995258833282164,351
band2,68269-1,1341,Binbane,P,4932.164702236891,54752.2362,0.09008152076603021,377
band2,68269-2,1341,Binbane,N,887.7896464026405,9855.402516,0.09008152076603022,377
band2,68284-1,5361,Trillick,P,1961.9613603706607,19477.828116000004,0.100727932739021,389
band2,68308-1,4091,Mulreavy,P,1437.8313196627207,14267.117844,0.10077938202966459,367
band2,68312-1,4371,Glenree,N,3618.330236693245,35914.918374999994,0.10074727718751902,396
band2,69197-1,17010,Cathaleen's Fall,P,4839.556931451247,47951.9999,0.10092502797680492,338
band3,13471-1,1341,Binbane,P,98.30983197102782,1806.8237946000002,0.05441030401793659,243
band3,13473-4,1341,Binbane,P,1493.235104193264,27348.741981900002,0.05459977300533676,245
band3,13474-1,1341,Binbane,P,905.4749465884684,16425.67086,0.05512559908852748,246
band3,13475-6,1341,Binbane,P,1158.1205492366382,20942.7303465,0.05529940605047164,247
band3,13476-3,1341,Binbane,P,1825.0631235831554,32577.580539,0.056022058525748875,250
band3,13479-9,1341,Binbane,P,523.4456599207406,9307.880154,0.056236828500181454,250
band3,15771-1,1571,Ardnagappary,P,446.2399131054438,5314.771836,0.08396219572076542,294
band3,15772-1,1571,Ardnagappary,P,676.1210804627937,8052.6846,0.08396219572076544,294
band3,16373-3,1631,Corderry,P,226.29190943507783,18388.098960000003,0.012306433086276896,64
band3,16374-4,1631,Corderry,P,259.19137724446284,20686.611330000003,0.01252942655081357,65
band3,16377-1,1631,Corderry,P,306.1250783127484,24337.1898,0.012578489169392451,65
band3,16379-2,1631,Corderry,P,9.86403030118856,784.1983379999999,0.012578489169392451,65
band3,16382-1,1631,Corderry,P,352.96107118191327,27649.751745,0.012765433644290872,66
band3,16392-1,1631,Corderry,P,413.54265357059364,32395.503756000002,0.012765433644290869,66
band3,17075-7,1341,Binbane,P,353.94331567191176,5420.4713838,0.06529751577136475,288
band3,17077-8,1341,Binbane,P,3.5751850067869873,54.7522362,0.06529751577136474,288
band3,19371-1,1931,Cunghill,P,7035.386447553892,64007.963800000005,0.10991423613375265,391
band3,19372-2,1931,Cunghill,P,3272.473079989566,29780.547368,0.10988626365900603,388
band3,26732-1,2671,Garvagh,N,216.4984222177976,91940.4948,0.0023547667726691156,19
band3,26771-1,2671,Garvagh,P,165.55761699008053,70307.4372,0.0023547667726691156,19
band3,26773-1,2671,Garvagh,P,140.087214376222,59490.9084,0.0023547667726691156,19
band3,35971-1,3591,Lenalea,P,8554.616475626051,83960.75898500001,0.10188826993755946,370
band3,40471-1,4041,Moy,P,673.6347319950127,17036.26302,0.03954122633609191,138
band3,40771-1,4071,Meentycat,P,16064.61113904352,146494.080412,0.10966047975360779,462
band3,40772-2,4071,Meentycat,P,5484.448085077135,50012.9128968,0.10966064097074515,459
band3,40773-3,4071,Meentycat,P,4251.838482637444,38769.69992,0.10966910993407153,461
band3,40971-1,4091,Mulreavy,P,23758.16524942906,216648.82652,0.10966209986480503,425
band3,40972-2,4091,Mulreavy,P,1231.3920193592912,11228.750155,0.10966421038506856,422
band3,40973-1,4091,Mulreavy,P,1043.0614752219876,9511.411896,0.10966421038506854,422
band3,43771-1,4371,Glenree,N,8843.571435728845,80449.41716000001,0.10992710386130589,443
band3,43774-2,4371,Glenree,P,10785.998733219289,98119.5570005,0.1099271038613059,443
band3,49971-1,4991,Sorne Hill,P,9493.308460272729,88920.51966,0.10676172942501591,435
band3,49973-2,4991,Sorne Hill,P,2230.174050984704,20889.264936,0.1067617294250159,435
band3,49976-3,4991,Sorne Hill,P,2772.6488201431457,25970.437487999996,0.10676172942501592,435
band3,49977-1,4991,Sorne Hill,P,180.82492305281386,1693.7241839999997,0.10676172942501592,435
band3,49979-3,4991,Sorne Hill,P,90.41246152640693,846.8620919999998,0.10676172942501592,435
band3,53673-3,5361,Trillick,P,4241.430066940264,39520.23096,0.10732300808750798,399
band3,53674-4,5361,Trillick,P,3026.563312052374,28200.5076636,0.10732300808750798,399
band3,67059-1,5241,Tawnaghmore,P,1524.417265092114,52882.883327999996,0.028826288756554578,127
band3,67059-2,5241,Tawnaghmore,P,857.4847116143142,29746.621872000003,0.028826288756554578,127
band3,68087-1,4981,Sligo,P,2250.148424114309,20487.4008165,0.10983083917126764,368
band3,68101-1,4981,Sligo,P,1764.822293422987,16068.549659999999,0.10983083917126764,368
band3,68223-1,1341,Binbane,P,89.9059324328467,1368.805905,0.06568201678882055,288
band3,68254-1,4371,Glenree,N,836.9808680243372,7613.9626955,0.1099271038613059,443
band3,68260-1,1571,Ardnagappary,N,4158.425100723171,48208.738472,0.0862587413096988,307
band3,68269-1,1341,Binbane,P,3596.237297313867,54752.2362,0.06568201678882053,288
band3,68269-2,1341,Binbane,N,647.3227135164962,9855.402516,0.06568201678882053,288
band3,68284-1,5361,Trillick,P,2090.419104420559,19477.828116000004,0.107323008087508,399
band3,68308-1,4091,Mulreavy,P,1564.6570128329818,14267.117844,0.10966875229750725,422
band3,68312-1,4371,Glenree,N,3948.022962378949,35914.918374999994,0.10992710386130593,443
band3,69197-1,17010,Cathaleen's Fall,P,5270.822280370228,47951.9999,0.10991871645316358,369
band4,13471-1,1341,Binbane,P,61.44716101763359,1806.8237946000002,0.034008385987210746,165
band4,13473-4,1341,Binbane,P,931.2621337247954,27348.741981900002,0.034051370053552195,166
band4,13474-1,1341,Binbane,P,560.1937407332082,16425.67086,0.034104770849719086,167
band4,13475-6,1341,Binbane,P,714.2470194348405,20942.7303465,0.034104770849719086,167
band4,13476-3,1341,Binbane,P,1125.3574967207976,32577.580539,0.03454392493554224,169
band4,13479-9,1341,Binbane,P,322.4138617400658,9307.880154,0.03463880673211188,169
band4,15771-1,1571,Ardnagappary,P,374.56035967115815,5314.771836,0.07047534141240944,257
band4,15772-1,1571,Ardnagappary,P,567.5156964714517,8052.6846,0.07047534141240944,257
band4,16373-3,1631,Corderry,P,116.55154476055688,18388.098960000003,0.006338422749088623,33
band4,16374-4,1631,Corderry,P,131.1204878556265,20686.611330000003,0.006338422749088623,33
band4,16377-1,1631,Corderry,P,154.2593974772076,24337.1898,0.006338422749088623,33
band4,16379-2,1631,Corderry,P,4.970580585376689,784.1983379999999,0.006338422749088624,33
band4,16382-1,1631,Corderry,P,175.2558154671609,27649.751745,0.006338422749088624,33
band4,16392-1,1631,Corderry,P,205.33639797521636,32395.503756000002,0.006338422749088623,33
band4,17075-7,1341,Binbane,P,221.9018674302663,5420.4713838,0.040937743550027356,193
band4,17077-8,1341,Binbane,P,2.241433004346124,54.7522362,0.040937743550027356,193
band4,19371-1,1931,Cunghill,P,7629.078099918568,64007.963800000005,0.11918951403854168,421
band4,19372-2,1931,Cunghill,P,3554.272304731291,29780.547368,0.11934879036341865,420
band4,26732-1,2671,Garvagh,N,66.89556582968984,91940.4948,0.0007275963216775058,8
band4,26771-1,2671,Garvagh,P,51.155432693292234,70307.4372,0.0007275963216775058,8
band4,26773-1,2671,Garvagh,P,43.285366125093425,59490.9084,0.0007275963216775057,8
band4,35971-1,3591,Lenalea,P,7107.580853163832,83960.75898500001,0.08465360412515609,302
band4,40471-1,4041,Moy,P,388.5147847066206,17036.26302,0.02280516473891706,80
band4,40771-1,4071,Meentycat,P,17313.86247901993,146494.080412,0.11818813722934343,498
band4,40772-2,4071,Meentycat,P,5910.933012686198,50012.9128968,0.11818813722934342,498
band4,40773-3,4071,Meentycat,P,4582.1186144854255,38769.69992,0.11818813722934345,498
band4,40971-1,4091,Mulreavy,P,25726.202278440054,216648.82652,0.11874609565939713,472
band4,40972-2,4091,Mulreavy,P,1333.3702400411005,11228.750155,0.11874609565939714,472
band4,40973-1,4091,Mulreavy,P,1129.443026858344,9511.411896,0.11874609565939714,472
band4,43771-1,4371,Glenree,N,9599.179462410682,80449.41716000001,0.11931944072782492,489
band4,43774-2,4371,Glenree,P,11707.5706657616,98119.5570005,0.11931944072782492,489
band4,49971-1,4991,Sorne Hill,P,8970.635750523683,88920.51966,0.10088375309573266,415
band4,49973-2,4991,Sorne Hill,P,2107.3874461547703,20889.264936,0.10088375309573269,415
band4,49976-3,4991,Sorne Hill,P,2619.9952033275513,25970.437487999996,0.10088375309573266,415
band4,49977-1,4991,Sorne Hill,P,170.8692523909273,1693.7241839999997,0.10088375309573269,415
band4,49979-3,4991,Sorne Hill,P,85.43462619546365,846.8620919999998,0.10088375309573269,415
band4,53673-3,5361,Trillick,P,4561.532368994096,39520.23096,0.11542271535839466,442
band4,53674-4,5361,Trillick,P,3254.97916901793,28200.5076636,0.11542271535839466,442
band4,67059-1,5241,Tawnaghmore,P,855.3748155988877,52882.883327999996,0.016174889903289198,71
band4,67059-2,5241,Tawnaghmore,P,481.1483337743744,29746.621872000003,0.016174889903289195,71
band4,68087-1,4981,Sligo,P,2440.9281662335197,20487.4008165,0.1191428911893822,399
band4,68101-1,4981,Sligo,P,1914.4534637125646,16068.549659999999,0.11914289118938222,399
band4,68223-1,1341,Binbane,P,56.0358251086531,1368.805905,0.04093774355002735,193
band4,68254-1,4371,Glenree,N,908.4937705495823,7613.9626955,0.11931944072782492,489
band4,68260-1,1571,Ardnagappary,N,3445.608398460974,48208.738472,0.07147269369975756,261
band4,68269-1,1341,Binbane,P,2241.433004346124,54752.2362,0.040937743550027356,193
band4,68269-2,1341,Binbane,N,403.45794078230233,9855.402516,0.04093774355002735,193
band4,68284-1,5361,Trillick,P,2248.1838104328044,19477.828116000004,0.11542271535839463,442
band4,68308-1,4091,Mulreavy,P,1694.164540287516,14267.117844,0.11874609565939714,472
band4,68312-1,4371,Glenree,N,4285.347974290484,35914.918374999994,0.11931944072782498,489
band4,69197-1,17010,Cathaleen's Fall,P,5745.409980684706,47951.9999,0.11981585737125233,402
band5,13471-1,1341,Binbane,P,37.52626689829492,1806.8237946000002,0.020769190117181622,109
band5,13473-4,1341,Binbane,P,570.7950655818393,27348.741981900002,0.02087098068202201,110
band5,13474-1,1341,Binbane,P,347.73696231706936,16425.67086,0.021170335463368065,111
band5,13475-6,1341,Binbane,P,446.38901198424855,20942.7303465,0.021314747628350672,112
band5,13476-3,1341,Binbane,P,697.5639659161741,32577.580539,0.021412393258642727,112
band5,13479-9,1341,Binbane,P,199.30399026176397,9307.880154,0.02141239325864272,112
band5,15771-1,1571,Ardnagappary,P,246.8660325604472,5314.771836,0.04644903679369298,171
band5,15772-1,1571,Ardnagappary,P,374.0394432734048,8052.6846,0.04644903679369298,171
band5,16373-3,1631,Corderry,P,49.689159079094026,18388.098960000003,0.002702245576727852,14
band5,16374-4,1631,Corderry,P,55.90030396398078,20686.611330000003,0.0027022455767278524,14
band5,16377-1,1631,Corderry,P,65.76506348703622,24337.1898,0.002702245576727853,14
band5,16379-2,1631,Corderry,P,2.1190964901378333,784.1983379999999,0.002702245576727853,14
band5,16382-1,1631,Corderry,P,77.92543223939333,27649.751745,0.002818304951091825,15
band5,16392-1,1631,Corderry,P,91.3004086286486,32395.503756000002,0.0028183049510918244,15
band5,17075-7,1341,Binbane,P,129.9090436451749,5420.4713838,0.023966373853283346,124
band5,17077-8,1341,Binbane,P,1.312212562072474,54.7522362,0.02396637385328335,124
band5,19371-1,1931,Cunghill,P,8235.380549520216,64007.963800000005,0.1286618111341985,466
band5,19372-2,1931,Cunghill,P,3831.0302043302345,29780.547368,0.12864203458015616,458
band5,26732-1,2671,Garvagh,N,86.56290174679339,91940.4948,0.0009415100705635249,6
band5,26771-1,2671,Garvagh,P,66.1951601593126,70307.4372,0.0009415100705635249,6
band5,26773-1,2671,Garvagh,P,56.011289365572196,59490.9084,0.0009415100705635249,6
band5,35971-1,3591,Lenalea,P,6072.0812697573765,83960.75898500001,0.07232046664611719,274
band5,40471-1,4041,Moy,P,155.03869066728635,17036.26302,0.009100510510155669,33
band5,40771-1,4071,Meentycat,P,18485.584415269856,146494.080412,0.12618656237358528,514
band5,40772-2,4071,Meentycat,P,6310.9575527367415,50012.9128968,0.1261865623735853,514
band5,40773-3,4071,Meentycat,P,4892.215157160264,38769.69992,0.12618656237358528,514
band5,40971-1,4091,Mulreavy,P,27748.277117539903,216648.82652,0.1280795172688291,522
band5,40972-2,4091,Mulreavy,P,1438.17289938469,11228.750155,0.1280795172688291,522
band5,40973-1,4091,Mulreavy,P,1218.2170441846788,9511.411896,0.12807951726882913,522
band5,43771-1,4371,Glenree,N,10351.511111519863,80449.41716000001,0.12867105166135007,528
band5,43774-2,4371,Glenree,P,12625.146587800118,98119.5570005,0.12867105166135007,528
band5,49971-1,4991,Sorne Hill,P,7973.47585893125,88920.51966,0.08966969479507031,381
band5,49973-2,4991,Sorne Hill,P,1873.134011304484,20889.264936,0.08966969479507031,381
band5,49976-3,4991,Sorne Hill,P,2328.761203243412,25970.437487999996,0.08966969479507031,381
band5,49977-1,4991,Sorne Hill,P,151.8757306463095,1693.7241839999997,0.08966969479507032,381
band5,49979-3,4991,Sorne Hill,P,75.93786532315475,846.8620919999998,0.08966969479507032,381
band5,53673-3,5361,Trillick,P,4268.898257904173,39520.23096,0.10801804934350953,425
band5,53674-4,5361,Trillick,P,3046.1638283187635,28200.5076636,0.10801804934350953,425
band5,67059-1,5241,Tawnaghmore,P,320.85346380900864,52882.883327999996,0.006067246027773334,26
band5,67059-2,5241,Tawnaghmore,P,180.48007339256742,29746.621872000003,0.006067246027773335,26
band5,68087-1,4981,Sligo,P,2639.117149987064,20487.4008165,0.12881659189591244,433
band5,68101-1,4981,Sligo,P,2069.8958039114223,16068.549659999999,0.12881659189591244,433
band5,68223-1,1341,Binbane,P,32.80531405181185,1368.805905,0.023966373853283346,124
band5,68254-1,4371,Glenree,N,979.6965873402727,7613.9626955,0.12867105166135007,528
band5,68260-1,1571,Ardnagappary,N,2328.41629956778,48208.738472,0.048298635752938066,179
band5,68269-1,1341,Binbane,P,1312.212562072474,54752.2362,0.023966373853283346,124
band5,68269-2,1341,Binbane,N,236.1982611730453,9855.402516,0.023966373853283346,124
band5,68284-1,5361,Trillick,P,2103.956998538486,19477.828116000004,0.10801804934350955,425
band5,68308-1,4091,Mulreavy,P,1827.3255662770182,14267.117844,0.12807951726882913,522
band5,68312-1,4371,Glenree,N,4621.210317642795,35914.918374999994,0.12867105166135007,528
band5,69197-1,17010,Cathaleen's Fall,P,6166.364676981195,47951.9999,0.12859452556391074,432
band6,13471-1,1341,Binbane,P,24.845980058448102,1806.8237946000002,0.013751191528861052,73
band6,13473-4,1341,Binbane,P,376.0777890665099,27348.741981900002,0.013751191528861052,73
band6,13474-1,1341,Binbane,P,230.78971672600494,16425.67086,0.014050550427625272,74
band6,13475-6,1341,Binbane,P,296.66526512244883,20942.7303465,0.014165548627809565,75
band6,13476-3,1341,Binbane,P,461.47930130158693,32577.580539,0.014165548627809563,75
band6,13479-9,1341,Binbane,P,131.85122894331056,9307.880154,0.014165548627809561,75
band6,15771-1,1571,Ardnagappary,P,178.25222672132162,5314.771836,0.033539017707950695,124
band6,15772-1,1571,Ardnagappary,P,270.0791313959418,8052.6846,0.03353901770795069,124
band6,16373-3,1631,Corderry,P,16.803622897908056,18388.098960000003,0.0009138314370866347,5
band6,16374-4,1631,Corderry,P,18.90407576014656,20686.611330000003,0.0009138314370866346,5
band6,16377-1,1631,Corderry,P,22.24008912958419,24337.1898,0.0009138314370866348,5
band6,16379-2,1631,Corderry,P,0.7166250941754906,784.1983379999999,0.0009138314370866349,5
band6,16382-1,1631,Corderry,P,25.26721237222204,27649.751745,0.0009138314370866348,5
band6,16392-1,1631,Corderry,P,29.60402975249096,32395.503756000002,0.0009138314370866348,5
band6,17075-7,1341,Binbane,P,86.98882436554074,5420.4713838,0.016048202860275515,83
band6,17077-8,1341,Binbane,P,0.8786749935913205,54.7522362,0.016048202860275515,83
band6,19371-1,1931,Cunghill,P,8833.961429234198,64007.963800000005,0.13801347371144146,502
band6,19372-2,1931,Cunghill,P,4110.857283180315,29780.547368,0.1380383386639005,497
band6,26732-1,2671,Garvagh,N,0.9848477988058244,91940.4948,1.0711795721223641e-05,1
band6,26771-1,2671,Garvagh,P,0.7531189049691599,70307.4372,1.0711795721223641e-05,1
band6,26773-1,2671,Garvagh,P,0.6372544580508276,59490.9084,1.0711795721223641e-05,1
band6,35971-1,3591,Lenalea,P,4213.732157829785,83960.75898500001,0.05018692313849365,186
band6,40471-1,4041,Moy,P,135.47949203293658,17036.26302,0.007952418430842973,29
band6,40771-1,4071,Meentycat,P,19501.34811616407,146494.080412,0.13312038316714553,568
band6,40772-2,4071,Meentycat,P,6657.73812812709,50012.9128968,0.13312038316714553,568
band6,40773-3,4071,Meentycat,P,5161.037308625651,38769.69992,0.13312038316714553,568
band6,40971-1,4091,Mulreavy,P,29501.27997117268,216648.82652,0.13617096591312144,538
band6,40972-2,4091,Mulreavy,P,1529.0297546034622,11228.750155,0.13617096591312144,538
band6,40973-1,4091,Mulreavy,P,1295.1781450758738,9511.411896,0.13617096591312144,538
band6,43771-1,4371,Glenree,N,11119.093008953478,80449.41716000001,0.13821222578703735,571
band6,43774-2,4371,Glenree,P,13561.322366277187,98119.5570005,0.13821222578703735,571
band6,49971-1,4991,Sorne Hill,P,6409.239396223875,88920.51966,0.07207829442214794,320
band6,49973-2,4991,Sorne Hill,P,1505.6625883192596,20889.264936,0.07207829442214796,320
band6,49976-3,4991,Sorne Hill,P,1871.904839532052,25970.437487999996,0.07207829442214794,320
band6,49977-1,4991,Sorne Hill,P,122.08075040426428,1693.7241839999997,0.07207829442214796,320
band6,49979-3,4991,Sorne Hill,P,61.04037520213214,846.8620919999998,0.07207829442214796,320
band6,53673-3,5361,Trillick,P,3731.1654122763885,39520.23096,0.09441152851694742,365
band6,53674-4,5361,Trillick,P,2662.4530334743663,28200.5076636,0.09441152851694744,365
band6,67059-1,5241,Tawnaghmore,P,251.3639312990499,52882.883327999996,0.004753219103807068,23
band6,67059-2,5241,Tawnaghmore,P,141.39221135571563,29746.621872000003,0.004753219103807069,23
band6,68087-1,4981,Sligo,P,2831.6396063943894,20487.4008165,0.13821370664617755,466
band6,68101-1,4981,Sligo,P,2220.8938089367766,16068.549659999999,0.1382137066461776,466
band6,68223-1,1341,Binbane,P,21.96687483978301,1368.805905,0.01604820286027551,83
band6,68254-1,4371,Glenree,N,1052.3427312045255,7613.9626955,0.13821222578703735,571
band6,68260-1,1571,Ardnagappary,N,1650.8438193466368,48208.738472,0.03424366352804398,128
band6,68269-1,1341,Binbane,P,878.6749935913206,54752.2362,0.016048202860275515,83
band6,68269-2,1341,Binbane,N,158.16149884643772,9855.402516,0.016048202860275515,83
band6,68284-1,5361,Trillick,P,1838.9315246219344,19477.828116000004,0.09441152851694741,365
band6,68308-1,4091,Mulreavy,P,1942.7672176138108,14267.117844,0.13617096591312144,538
band6,68312-1,4371,Glenree,N,4963.880807568517,35914.918374999994,0.1382122257870374,571
band6,69197-1,17010,Cathaleen's Fall,P,6615.100021301432,47951.9999,0.1379525366011154,470
band7,13471-1,1341,Binbane,P,19.24989821275792,1806.8237946000002,0.01065399861917333,58
band7,13473-4,1341,Binbane,P,291.37345931129033,27348.741981900002,0.01065399861917333,58
band7,13474-1,1341,Binbane,P,179.9162454015488,16425.67086,0.010953357517937554,59
band7,13475-6,1341,Binbane,P,230.00882019333045,20942.7303465,0.010982752314899097,59
band7,13476-3,1341,Binbane,P,357.791498078514,32577.580539,0.010982752314899097,59
band7,13479-9,1341,Binbane,P,102.22614230814685,9307.880154,0.010982752314899095,59
band7,15771-1,1571,Ardnagappary,P,133.63222638437256,5314.771836,0.025143549056839052,93
band7,15772-1,1571,Ardnagappary,P,202.47307027935238,8052.6846,0.025143549056839055,93
band7,16373-3,1631,Corderry,P,16.259208874174774,18388.098960000003,0.0008842245688118035,5
band7,16374-4,1631,Corderry,P,18.291609983446627,20686.611330000003,0.0008842245688118037,5
band7,16377-1,1631,Corderry,P,21.519541156996027,24337.1898,0.0008842245688118037,5
band7,16379-2,1631,Corderry,P,0.693407437280983,784.1983379999999,0.0008842245688118036,5
band7,16382-1,1631,Corderry,P,24.44858981447604,27649.751745,0.0008842245688118036,5
band7,16392-1,1631,Corderry,P,28.644900340090267,32395.503756000002,0.0008842245688118036,5
band7,17075-7,1341,Binbane,P,61.334077974596234,5420.4713838,0.011315266446734421,62
band7,17077-8,1341,Binbane,P,0.6195361411575377,54.7522362,0.011315266446734421,62
band7,19371-1,1931,Cunghill,P,9447.304424250378,64007.963800000005,0.14759576564206184,535
band7,19372-2,1931,Cunghill,P,4395.527521603164,29780.547368,0.14759727104029918,533
band7,26732-1,2671,Garvagh,N,30.005,91940.4948,0.0003263523876532368,1
band7,26771-1,2671,Garvagh,P,22.945,70307.4372,0.0003263523876532368,1
band7,26773-1,2671,Garvagh,P,19.415,59490.9084,0.00032635238765323674,1
band7,35971-1,3591,Lenalea,P,3301.543882690163,83960.75898500001,0.0393224635246568,151
band7,40471-1,4041,Moy,P,72.4078763592799,17036.26302,0.00425022061905686,15
band7,40771-1,4071,Meentycat,P,18272.419253836597,146494.080412,0.12473145128081106,532
band7,40772-2,4071,Meentycat,P,6238.183208398656,50012.9128968,0.12473145128081105,532
band7,40773-3,4071,Meentycat,P,4835.800936743144,38769.69992,0.12473145128081105,532
band7,40971-1,4091,Mulreavy,P,31328.18216728012,216648.82652,0.14460351653180106,589
band7,40972-2,4091,Mulreavy,P,1623.7167586700061,11228.750155,0.14460351653180106,589
band7,40973-1,4091,Mulreavy,P,1375.3836073440054,9511.411896,0.1446035165318011,589
band7,43771-1,4371,Glenree,N,11872.34256795959,80449.41716000001,0.1475752464974053,607
band7,43774-2,4371,Glenree,P,14480.017810565,98119.5570005,0.1475752464974053,607
band7,49971-1,4991,Sorne Hill,P,5284.877812382451,88920.51966,0.05943372612519492,260
band7,49973-2,4991,Sorne Hill,P,1241.5268511628615,20889.264936,0.05943372612519492,260
band7,49976-3,4991,Sorne Hill,P,1543.519869013287,25970.437487999996,0.05943372612519492,260
band7,49977-1,4991,Sorne Hill,P,100.66433928347524,1693.7241839999997,0.05943372612519493,260
band7,49979-3,4991,Sorne Hill,P,50.33216964173762,846.8620919999998,0.05943372612519493,260
band7,53673-3,5361,Trillick,P,3457.380483013195,39520.23096,0.08748381269614915,349
band7,53674-4,5361,Trillick,P,2467.0879303787015,28200.5076636,0.08748381269614916,349
band7,67059-1,5241,Tawnaghmore,P,145.42948714441988,52882.883327999996,0.002750029461185205,14
band7,67059-2,5241,Tawnaghmore,P,81.8040865187362,29746.621872000003,0.002750029461185205,14
band7,68087-1,4981,Sligo,P,3024.5339477801062,20487.4008165,0.14762897328314228,499
band7,68101-1,4981,Sligo,P,2372.1834884549844,16068.549659999999,0.14762897328314226,499
band7,68223-1,1341,Binbane,P,15.488403528938443,1368.805905,0.011315266446734421,62
band7,68254-1,4371,Glenree,N,1123.6324216104613,7613.9626955,0.14757524649740533,607
band7,68260-1,1571,Ardnagappary,N,1226.6480844045798,48208.738472,0.02544451739007911,95
band7,68269-1,1341,Binbane,P,619.5361411575377,54752.2362,0.011315266446734421,62
band7,68269-2,1341,Binbane,N,111.51650540835679,9855.402516,0.011315266446734421,62
band7,68284-1,5361,Trillick,P,1703.994666627932,19477.828116000004,0.08748381269614915,349
band7,68308-1,4091,Mulreavy,P,2063.075411016008,14267.117844,0.14460351653180106,589
band7,68312-1,4371,Glenree,N,5300.152932124816,35914.918374999994,0.14757524649740533,607
band7,69197-1,17010,Cathaleen's Fall,P,7077.126557486961,47951.9999,0.14758772464643255,501
band8,13471-1,1341,Binbane,P,12.355500503331486,1806.8237946000002,0.006838243186888505,41
band8,13473-4,1341,Binbane,P,187.01734852769926,27348.741981900002,0.006838243186888503,41
band8,13474-1,1341,Binbane,P,117.23990258858119,16425.67086,0.007137602085652726,42
band8,13475-6,1341,Binbane,P,150.09648310679677,20942.7303465,0.00716699688261427,42
band8,13476-3,1341,Binbane,P,233.48341816612827,32577.580539,0.007166996882614269,42
band8,13479-9,1341,Binbane,P,66.70954804746522,9307.880154,0.007166996882614268,42
band8,15771-1,1571,Ardnagappary,P,96.30835943974277,5314.771836,0.018120883155771803,71
band8,15772-1,1571,Ardnagappary,P,145.921756726883,8052.6846,0.018120883155771803,71
band8,16373-3,1631,Corderry,P,6.132356185592583,18388.098960000003,0.00033349593119617307,2
band8,16374-4,1631,Corderry,P,6.898900708791656,20686.611330000003,0.00033349593119617307,2
band8,16377-1,1631,Corderry,P,8.116353775049006,24337.1898,0.0003334959311961731,2
band8,16379-2,1631,Corderry,P,0.2615269549738013,784.1983379999999,0.0003334959311961731,2
band8,16382-1,1631,Corderry,P,9.221079705541788,27649.751745,0.0003334959311961731,2
band8,16392-1,1631,Corderry,P,10.803768691676344,32395.503756000002,0.0003334959311961731,2
band8,17075-7,1341,Binbane,P,43.83319163685795,5420.4713838,0.008086601428772577,46
band8,17077-8,1341,Binbane,P,0.4427595114834135,54.7522362,0.008086601428772575,46
band8,19371-1,1931,Cunghill,P,10045.832800799277,64007.963800000005,0.1569466079594189,572
band8,19372-2,1931,Cunghill,P,4673.886581909989,29780.547368,0.15694428057867754,571
band8,26732-1,2671,Garvagh,N,24.126362856836593,91940.4948,0.0002624128019902346,1
band8,26771-1,2671,Garvagh,P,18.449571596404454,70307.4372,0.0002624128019902346,1
band8,26773-1,2671,Garvagh,P,15.611175966188384,59490.9084,0.0002624128019902346,1
band8,35971-1,3591,Lenalea,P,2459.6326219407256,83960.75898500001,0.029295026053541878,114
band8,40471-1,4041,Moy,P,56.56112845810598,17036.26302,0.00332004315686516,11
band8,40771-1,4071,Meentycat,P,17172.182835202493,146494.080412,0.11722100160571293,505
band8,40772-2,4071,Meentycat,P,5862.5637429821745,50012.9128968,0.11722100160571294,505
band8,40773-3,4071,Meentycat,P,4544.6230565753285,38769.69992,0.11722100160571293,505
band8,40971-1,4091,Mulreavy,P,33143.559788393046,216648.82652,0.15298287242434425,623
band8,40972-2,4091,Mulreavy,P,1717.806452447201,11228.750155,0.15298287242434427,623
band8,40973-1,4091,Mulreavy,P,1455.0831126611583,9511.411896,0.15298287242434427,623
band8,43771-1,4371,Glenree,N,12638.129885168955,80449.41716000001,0.15709411368430296,649
band8,43774-2,4371,Glenree,P,15414.004842089995,98119.5570005,0.15709411368430298,649
band8,49971-1,4991,Sorne Hill,P,4189.803883678351,88920.51966,0.047118526743868,214
band8,49973-2,4991,Sorne Hill,P,984.2713885466601,20889.264936,0.047118526743868,214
band8,49976-3,4991,Sorne Hill,P,1223.68875332828,25970.437487999996,0.047118526743868,214
band8,49977-1,4991,Sorne Hill,P,79.80578826054001,1693.7241839999997,0.04711852674386801,214
band8,49979-3,4991,Sorne Hill,P,39.902894130270006,846.8620919999998,0.04711852674386801,214
band8,53673-3,5361,Trillick,P,2982.782493528885,39520.23096,0.07547482443986418,306
band8,53674-4,5361,Trillick,P,2128.4283650252546,28200.5076636,0.07547482443986418,306
band8,67059-1,5241,Tawnaghmore,P,96.00058189624426,52882.883327999996,0.00181534318582464,9
band8,67059-2,5241,Tawnaghmore,P,54.0003273166374,29746.621872000003,0.00181534318582464,9
band8,68087-1,4981,Sligo,P,3220.4905947840834,20487.4008165,0.15719371254700046,532
band8,68101-1,4981,Sligo,P,2525.874976301242,16068.549659999999,0.15719371254700049,532
band8,68223-1,1341,Binbane,P,11.068987787085337,1368.805905,0.008086601428772575,46
band8,68254-1,4371,Glenree,N,1196.108721274919,7613.9626955,0.15709411368430298,649
band8,68260-1,1571,Ardnagappary,N,889.699167738273,48208.738472,0.018455143111762135,72
band8,68269-1,1341,Binbane,P,442.7595114834136,54752.2362,0.008086601428772577,46
band8,68269-2,1341,Binbane,N,79.69671206701443,9855.402516,0.008086601428772575,46
band8,68284-1,5361,Trillick,P,1470.0856575249504,19477.828116000004,0.07547482443986415,306
band8,68308-1,4091,Mulreavy,P,2182.6246689917375,14267.117844,0.15298287242434425,623
band8,68312-1,4371,Glenree,N,5642.022270164713,35914.918374999994,0.157094113684303,649
band8,69197-1,17010,Cathaleen's Fall,P,7509.82819287593,47951.9999,0.15661136571023243,526
band10,13471-1,1341,Binbane,P,5.081477242981773,1806.8237946000002,0.0028123811841357363,23
band10,13473-4,1341,Binbane,P,76.91508735967865,27348.741981900002,0.0028123811841357363,23
band10,13474-1,1341,Binbane,P,46.19524766347067,16425.67086,0.002812381184135737,23
band10,13475-6,1341,Binbane,P,58.898940770925094,20942.7303465,0.0028123811841357367,23
band10,13476-3,1341,Binbane,P,91.62057453255014,32577.580539,0.0028123811841357363,23
band10,13479-9,1341,Binbane,P,26.17730700930004,9307.880154,0.0028123811841357363,23
band10,15771-1,1571,Ardnagappary,P,54.15382541366991,5314.771836,0.01018930390329364,39
band10,15772-1,1571,Ardnagappary,P,82.05125062677259,8052.6846,0.010189303903293642,39
band10,16373-3,1631,Corderry,P,0.0,18388.098960000003,0.0,0
band10,16374-4,1631,Corderry,P,0.0,20686.611330000003,0.0,0
band10,16377-1,1631,Corderry,P,0.0,24337.1898,0.0,0
band10,16379-2,1631,Corderry,P,0.0,784.1983379999999,0.0,0
band10,16382-1,1631,Corderry,P,0.0,27649.751745,0.0,0
band10,16392-1,1631,Corderry,P,0.0,32395.503756000002,0.0,0
band10,17075-7,1341,Binbane,P,15.244431728945319,5420.4713838,0.0028123811841357367,23
band10,17077-8,1341,Binbane,P,0.15398415887823555,54.7522362,0.0028123811841357367,23
band10,19371-1,1931,Cunghill,P,11254.531301405805,64007.963800000005,0.1758301722668735,639
band10,19372-2,1931,Cunghill,P,5235.739555512972,29780.547368,0.17581072271152798,634
band10,26732-1,2671,Garvagh,N,0.0,91940.4948,0.0,0
band10,26771-1,2671,Garvagh,P,0.0,70307.4372,0.0,0
band10,26773-1,2671,Garvagh,P,0.0,59490.9084,0.0,0
band10,35971-1,3591,Lenalea,P,1348.9562096968373,83960.75898500001,0.01606650804500034,59
band10,40471-1,4041,Moy,P,0.0,17036.26302,0.0,0
band10,40771-1,4071,Meentycat,P,14789.472520043475,146494.080412,0.10095611016124034,464
band10,40772-2,4071,Meentycat,P,5049.109143893858,50012.9128968,0.10095611016124034,464
band10,40773-3,4071,Meentycat,P,3914.0380960417515,38769.69992,0.10095611016124036,464
band10,40971-1,4091,Mulreavy,P,36051.25740505641,216648.82652,0.1664041203644753,683
band10,40972-2,4091,Mulreavy,P,1868.5102923352408,11228.750155,0.16640412036447533,683
band10,40973-1,4091,Mulreavy,P,1582.7381299780864,9511.411896,0.16640412036447533,683
band10,43771-1,4371,Glenree,N,14126.364164379724,80449.41716000001,0.17559312003820765,721
band10,43774-2,4371,Glenree,P,17229.119150484552,98119.5570005,0.17559312003820762,721
band10,49971-1,4991,Sorne Hill,P,2107.0437406911733,88920.51966,0.02369581001941676,120
band10,49973-2,4991,Sorne Hill,P,494.9880533687201,20889.264936,0.023695810019416765,120
band10,49976-3,4991,Sorne Hill,P,615.3905528367872,25970.437487999996,0.023695810019416768,120
band10,49977-1,4991,Sorne Hill,P,40.134166489355685,1693.7241839999997,0.02369581001941677,120
band10,49979-3,4991,Sorne Hill,P,20.067083244677843,846.8620919999998,0.02369581001941677,120
band10,53673-3,5361,Trillick,P,1889.7137635519864,39520.23096,0.047816364369546345,195
band10,53674-4,5361,Trillick,P,1348.4457498488819,28200.5076636,0.04781636436954635,195
band10,67059-1,5241,Tawnaghmore,P,0.0,52882.883327999996,0.0,0
band10,67059-2,5241,Tawnaghmore,P,0.0,29746.621872000003,0.0,0
band10,68087-1,4981,Sligo,P,3605.408736793712,20487.4008165,0.17598175430286953,600
band10,68101-1,4981,Sligo,P,2827.771558269578,16068.549659999999,0.17598175430286955,600
band10,68223-1,1341,Binbane,P,3.8496039719558883,1368.805905,0.0028123811841357367,23
band10,68254-1,4371,Glenree,N,1336.9594655573665,7613.9626955,0.17559312003820762,721
band10,68260-1,1571,Ardnagappary,N,491.21348708561186,48208.738472,0.01018930390329364,39
band10,68269-1,1341,Binbane,P,153.98415887823552,54752.2362,0.0028123811841357363,23
band10,68269-2,1341,Binbane,N,27.717148598082392,9855.402516,0.002812381184135736,23
band10,68284-1,5361,Trillick,P,931.3589263220504,19477.828116000004,0.04781636436954633,195
band10,68308-1,4091,Mulreavy,P,2374.1071949671295,14267.117844,0.1664041203644753,683
band10,68312-1,4371,Glenree,N,6306.412573383805,35914.918374999994,0.17559312003820768,721
band10,69197-1,17010,Cathaleen's Fall,P,8370.570397214726,47951.9999,0.17456144508406052,593
bandinf,13471-1,1341,Binbane,P,0.0,1806.8237946000002,0.0,0
bandinf,13473-4,1341,Binbane,P,0.0,27348.741981900002,0.0,0
bandinf,13474-1,1341,Binbane,P,0.0,16425.67086,0.0,0
bandinf,13475-6,1341,Binbane,P,0.0,20942.7303465,0.0,0
bandinf,13476-3,1341,Binbane,P,0.0,32577.580539,0.0,0
bandinf,13479-9,1341,Binbane,P,0.0,9307.880154,0.0,0
bandinf,15771-1,1571,Ardnagappary,P,0.0,5314.771836,0.0,0
bandinf,15772-1,1571,Ardnagappary,P,0.0,8052.6846,0.0,0
bandinf,16373-3,1631,Corderry,P,0.0,18388.098960000003,0.0,0
bandinf,16374-4,1631,Corderry,P,0.0,20686.611330000003,0.0,0
bandinf,16377-1,1631,Corderry,P,0.0,24337.1898,0.0,0
bandinf,16379-2,1631,Corderry,P,0.0,784.1983379999999,0.0,0
bandinf,16382-1,1631,Corderry,P,0.0,27649.751745,0.0,0
bandinf,16392-1,1631,Corderry,P,0.0,32395.503756000002,0.0,0
bandinf,17075-7,1341,Binbane,P,0.0,5420.4713838,0.0,0
bandinf,17077-8,1341,Binbane,P,0.0,54.7522362,0.0,0
bandinf,19371-1,1931,Cunghill,P,21309.166542635823,64007.963800000005,0.33291430124568067,1185
bandinf,19372-2,1931,Cunghill,P,9960.893049654587,29780.547368,0.33447649321442074,1189
bandinf,26732-1,2671,Garvagh,N,0.0,91940.4948,0.0,0
bandinf,26771-1,2671,Garvagh,P,0.0,70307.4372,0.0,0
bandinf,26773-1,2671,Garvagh,P,0.0,59490.9084,0.0,0
bandinf,35971-1,3591,Lenalea,P,0.0,83960.75898500001,0.0,0
bandinf,40471-1,4041,Moy,P,0.0,17036.26302,0.0,0
bandinf,40771-1,4071,Meentycat,P,653.1885296892826,146494.080412,0.004458804941826011,35
bandinf,40772-2,4071,Meentycat,P,222.99782317936564,50012.9128968,0.00445880494182601,35
bandinf,40773-3,4071,Meentycat,P,172.8665295964075,38769.69992,0.0044588049418260115,35
bandinf,40971-1,4091,Mulreavy,P,18059.5895922267,216648.82652,0.08335881565718763,539
bandinf,40972-2,4091,Mulreavy,P,936.0153142312618,11228.750155,0.08335881565718761,539
bandinf,40973-1,4091,Mulreavy,P,792.8600308782453,9511.411896,0.08335881565718761,539
bandinf,43771-1,4371,Glenree,N,20921.185960898412,80449.41716000001,0.26005391585733656,1082
bandinf,43774-2,4371,Glenree,P,25516.375020167172,98119.5570005,0.2600539158573366,1082
bandinf,49971-1,4991,Sorne Hill,P,57.637620004116044,88920.51966,0.0006481925682002479,4
bandinf,49973-2,4991,Sorne Hill,P,13.54026628668123,20889.264936,0.000648192568200248,4
bandinf,49976-3,4991,Sorne Hill,P,16.833844572630717,25970.437487999996,0.000648192568200248,4
bandinf,49977-1,4991,Sorne Hill,P,1.0978594286498295,1693.7241839999997,0.0006481925682002483,4
bandinf,49979-3,4991,Sorne Hill,P,0.5489297143249148,846.8620919999998,0.0006481925682002483,4
bandinf,53673-3,5361,Trillick,P,51.173408782259244,39520.23096,0.001294866136639077,5
bandinf,53674-4,5361,Trillick,P,36.515882409626414,28200.5076636,0.001294866136639077,5
bandinf,67059-1,5241,Tawnaghmore,P,0.0,52882.883327999996,0.0,0
bandinf,67059-2,5241,Tawnaghmore,P,0.0,29746.621872000003,0.0,0
bandinf,68087-1,4981,Sligo,P,7969.944375002543,20487.4008165,0.3890168619429637,1308
bandinf,68101-1,4981,Sligo,P,6250.936764707876,16068.549659999999,0.3890168619429637,1308
bandinf,68223-1,1341,Binbane,P,0.0,1368.805905,0.0,0
bandinf,68254-1,4371,Glenree,N,1980.0408141564567,7613.9626955,0.26005391585733656,1082
bandinf,68260-1,1571,Ardnagappary,N,0.0,48208.738472,0.0,0
bandinf,68269-1,1341,Binbane,P,0.0,54752.2362,0.0,0
bandinf,68269-2,1341,Binbane,N,0.0,9855.402516,0.0,0
bandinf,68284-1,5361,Trillick,P,25.221180042684914,19477.828116000004,0.0012948661366390768,5
bandinf,68308-1,4091,Mulreavy,P,1189.2900463173683,14267.117844,0.08335881565718763,539
bandinf,68312-1,4371,Glenree,N,9339.81516111536,35914.918374999994,0.2600539158573366,1082
bandinf,69197-1,17010,Cathaleen's Fall,P,9058.734883704587,47951.9999,0.18891255636044046,653
