hour,eligible,n_widen,rbar,cut_MW
2030-01-01 20:00:00,57,0,0.0,103.66628997858868
2030-01-01 22:00:00,46,0,0.0329027366404726,106.66242927611653
2030-01-02 00:00:00,40,0,0.05848400161230532,19.7406777371324
2030-01-02 02:00:00,40,0,0.05813963763994552,257.3915502584009
2030-01-02 04:00:00,42,0,0.10661167437190128,330.8208462468625
2030-01-02 06:00:00,36,0,0.1564976771348254,315.58413921814815
2030-01-02 08:00:00,47,0,0.19500256557087778,201.64494155197914
2030-01-02 10:00:00,43,0,0.2069715441109007,305.66038869523277
2030-01-02 12:00:00,41,0,0.23026052699173874,409.3234574205356
2030-01-02 14:00:00,52,0,0.26345907941717234,374.98251420381064
2030-01-02 16:00:00,42,0,0.2875736426466739,65.17003315615766
2030-01-02 20:00:00,39,0,0.27074952177183365,138.8055990556964
2030-01-02 22:00:00,50,0,0.2715965453039137,72.97738196820146
2030-01-03 00:00:00,42,0,0.2671986980032906,192.39411817283423
2030-01-03 02:00:00,25,0,0.26980134636635555,113.49459302681646
2030-01-03 04:00:00,27,0,0.264178454720615,28.754664760464756
2030-01-03 06:00:00,37,0,0.2552464673761164,58.006855708130004
2030-01-03 20:00:00,25,0,0.20775899576836873,185.32528222329765
2030-01-03 22:00:00,34,0,0.2112475230104347,133.66902307096538
2030-01-04 00:00:00,36,0,0.21074827262108173,121.55337614733502
2030-01-04 02:00:00,33,0,0.20966109291458063,167.20122749326367
2030-01-04 04:00:00,38,0,0.21211750309023122,337.67059460716507
2030-01-04 06:00:00,32,0,0.2228303510790255,325.6420765580882
2030-01-04 08:00:00,47,0,0.23218058162497276,312.33679376630005
2030-01-04 10:00:00,29,0,0.24085294805984522,107.59957355445326
2030-01-04 12:00:00,20,0,0.24084363717732246,180.56064829078198
2030-01-04 14:00:00,42,0,0.24409101930316404,147.46254458826957
2030-01-04 16:00:00,44,0,0.24536183383433982,157.13365762526635
2030-01-04 18:00:00,38,0,0.2471818419393472,139.24871603351187
2030-01-04 20:00:00,42,0,0.24827585081215323,204.1199509437943
2030-01-04 22:00:00,24,8,0.25174536343371295,331.70861211322904
2030-01-05 00:00:00,45,0,0.26022456289424806,337.5960079876695
2030-01-05 02:00:00,31,9,0.2683329925760521,347.7817457387795
2030-01-05 04:00:00,31,5,0.27690451958259726,386.7799313854205
2030-01-05 06:00:00,42,0,0.2866211254186875,328.7366548330035
2030-01-05 08:00:00,46,0,0.2937651205404709,361.0892230714653
2030-01-05 10:00:00,33,0,0.3014658680664373,126.70993529361391
2030-01-05 12:00:00,42,0,0.2996984550820366,133.40879329237498
2030-01-05 14:00:00,38,8,0.2982575535931872,444.0235689033426
2030-01-05 16:00:00,40,3,0.30799901897094695,409.6054838564033
2030-01-05 20:00:00,35,0,0.31127715069389317,210.72091543868652
2030-01-06 06:00:00,45,0,0.3037001332312348,79.71479244465404
2030-01-06 08:00:00,51,0,0.3026566450840365,117.16948436755644
2030-01-06 14:00:00,46,0,0.2946486794210408,9.027349803392667
2030-01-06 20:00:00,50,0,0.2864580559912994,20.059747906074
2030-01-08 08:00:00,43,0,0.2697058823777975,19.83756803455397
2030-01-08 10:00:00,43,0,0.26672991039271504,39.303489965465026
2030-01-08 12:00:00,43,0,0.2649107822099704,33.95261314915669
2030-01-08 20:00:00,43,0,0.2564877755770194,4.508352739629474
2030-01-10 04:00:00,43,0,0.23726136967451986,15.787835005155495
2030-01-10 16:00:00,43,0,0.22751809304067022,96.53871152770624
2030-01-10 18:00:00,43,0,0.22770698476264659,167.32786101421948
2030-01-10 20:00:00,39,0,0.229257934659278,221.0441387110211
2030-01-10 22:00:00,44,0,0.23184861956741995,341.53214461255715
2030-01-11 00:00:00,42,0,0.2368311415195355,420.1492626025823
2030-01-11 02:00:00,52,0,0.24320452341427035,369.48020469437307
2030-01-11 04:00:00,53,0,0.2485956969388925,253.29011140753127
2030-01-11 06:00:00,47,0,0.2510148278374774,245.67789002023804
2030-01-11 08:00:00,52,0,0.2531702228609625,311.3177417333594
2030-01-11 10:00:00,45,0,0.2568911766845969,228.95728806491147
2030-01-11 14:00:00,53,0,0.25564642275929955,180.45352614692052
2030-01-11 18:00:00,46,0,0.25297271734939936,212.82201520152358
2030-01-11 20:00:00,47,0,0.2540888376133452,271.5818829447476
2030-01-11 22:00:00,47,0,0.2562095082930536,215.36304262522637
2030-01-12 00:00:00,43,0,0.25730186495816426,190.20199934088197
2030-01-12 02:00:00,52,0,0.2577534904704142,329.711370086501
2030-01-12 04:00:00,44,0,0.2608679193976297,231.30998274499893
2030-01-12 06:00:00,52,0,0.26205033964919633,335.15010948544506
2030-01-12 08:00:00,45,0,0.26505367690295467,251.5182221765746
2030-01-12 10:00:00,51,0,0.2664065819775565,307.75608091232255
2030-01-12 12:00:00,44,0,0.26882296639269015,348.55557223978764
2030-01-12 14:00:00,47,0,0.27187811155776453,68.90958576010836
2030-01-12 16:00:00,47,0,0.26982291210585246,324.11951875231443
2030-01-12 18:00:00,40,9,0.2724304206362937,509.16770971585566
2030-01-12 20:00:00,48,1,0.2783780444817899,451.20536060463706
2030-01-12 22:00:00,54,0,0.28333213878123004,377.47169179881973
2030-01-13 00:00:00,48,0,0.2871546994984325,349.7305273935391
2030-01-13 02:00:00,43,6,0.289928243990163,456.2485991413257
2030-01-13 04:00:00,45,2,0.29477539221720667,381.17053636177775
2030-01-13 06:00:00,49,0,0.29848162009728757,345.8179457289532
2030-01-13 08:00:00,49,0,0.3015802756637025,559.5196540227543
2030-01-13 10:00:00,55,0,0.30746000473144164,378.60631756717453
2030-01-13 12:00:00,39,0,0.31055116430617635,304.8777360914723
2030-01-13 14:00:00,51,0,0.31290843283393444,35.699372147363256
2030-01-13 16:00:00,46,2,0.31103291823155854,528.3430968856665
2030-01-13 18:00:00,55,0,0.31627207388499023,462.0362301892435
2030-01-13 20:00:00,48,0,0.32020633774347634,348.21049700607597
2030-01-14 12:00:00,35,0,0.3153125290132688,193.94440930584653
2030-01-14 14:00:00,45,0,0.31614305401344345,97.49013638407577
2030-01-15 00:00:00,44,0,0.3119520828530848,137.71175672111514
2030-01-15 02:00:00,47,1,0.31221337466989413,484.2641233228864
2030-01-15 04:00:00,53,0,0.31654860317772554,424.9607606539029
2030-01-15 06:00:00,55,0,0.3201238925433201,222.48722526265587
2030-01-15 08:00:00,56,0,0.3213924428488268,225.22364915558697
2030-01-15 10:00:00,49,2,0.3226840313547433,510.42480739809827
2030-01-15 12:00:00,54,0,0.3270389319882177,108.08147580201079
2030-01-15 14:00:00,52,0,0.3255649905666215,500.58261482312355
2030-01-15 16:00:00,53,0,0.32962975416613577,469.17999789951415
2030-01-15 18:00:00,52,0,0.3332386505316824,271.88262866312385
2030-01-15 20:00:00,37,0,0.3341431379509438,491.3493407120946
2030-01-15 22:00:00,52,0,0.33789610651774354,174.01483710880606
2030-01-16 00:00:00,52,0,0.33745463024308553,185.57640910007615
2030-01-16 02:00:00,46,0,0.33693118799277405,207.87664810061568
2030-01-16 04:00:00,44,0,0.33668264318640573,307.91237295936605
2030-01-16 06:00:00,45,0,0.3379080553903545,286.98739786698854
2030-01-16 08:00:00,40,0,0.33884849216081336,224.2463480004058
2030-01-16 10:00:00,46,0,0.3389362706444314,232.70547843878137
2030-01-16 12:00:00,32,0,0.33902898423958167,241.07261164448744
2030-01-16 14:00:00,40,0,0.3392345030737284,233.18395850043163
2030-01-16 16:00:00,33,2,0.33951041610918176,339.8972243074716
2030-01-16 18:00:00,46,0,0.341263794598214,234.14085324972652
2030-01-16 20:00:00,42,0,0.3419621614890625,71.76044975312067
2030-01-18 06:00:00,35,0,0.32677349667512195,88.67731870987242
2030-01-18 08:00:00,19,0,0.32616291640813583,114.83351422253918
2030-01-18 10:00:00,30,0,0.32544882322577906,111.84102731165925
2030-01-18 12:00:00,37,0,0.32444261489769466,63.08244875825128
2030-01-18 14:00:00,34,0,0.32277136886859487,102.09134161353646
2030-01-18 18:00:00,32,0,0.3202652555685199,173.04140970014973
2030-01-18 20:00:00,31,0,0.32006629550259696,108.16708218338668
2030-01-18 22:00:00,33,0,0.31890410206277015,84.20030135979945
2030-01-19 00:00:00,33,0,0.3175558396951016,24.977330972958576
2030-01-19 02:00:00,28,0,0.31557530893206476,63.08049350809233
2030-01-19 04:00:00,31,0,0.3139903474632551,49.601529080248696
2030-01-19 06:00:00,38,0,0.3126255984365079,32.997307136039396
2030-01-19 08:00:00,36,0,0.3107587641746266,88.72762092669447
2030-01-19 10:00:00,33,0,0.3094546093644396,54.35557970794666
2030-01-19 12:00:00,33,0,0.30784001200749195,139.84351498232337
2030-01-19 14:00:00,39,0,0.30716631052987475,99.46078038714427
2030-01-19 16:00:00,38,0,0.30620564023002167,100.2692043974254
2030-01-19 18:00:00,38,0,0.30522449573656907,140.96558005840035
2030-01-19 20:00:00,39,0,0.30454767353729467,124.40304868277165
2030-01-19 22:00:00,34,0,0.3037072631672953,33.3805282904701
2030-01-20 00:00:00,29,2,0.30194267224814997,243.30037860789875
2030-01-20 02:00:00,36,0,0.30234583454280506,218.07629032540055
2030-01-20 04:00:00,47,0,0.30248244333223745,221.81308930241056
2030-01-20 06:00:00,32,0,0.30267168353365487,177.32836117775432
2030-01-20 08:00:00,34,0,0.30240281024212895,381.4873471179656
2030-01-20 10:00:00,51,0,0.3041581549312425,328.27194760848937
2030-01-20 12:00:00,47,0,0.3053678449069525,242.74655808517946
2030-01-20 14:00:00,41,0,0.3057327356739944,242.3689321925392
2030-01-20 16:00:00,40,0,0.3062379432130951,204.96505215807628
2030-01-20 18:00:00,44,0,0.3063328864913171,125.6051547333381
2030-01-20 22:00:00,39,0,0.3044709492178643,5.794596510092569
2030-01-21 00:00:00,36,0,0.3031547711983146,43.55024566088548
2030-01-28 02:00:00,37,0,0.2617029829127321,66.57506020490742
2030-01-28 06:00:00,38,0,0.2595159736526029,16.793198673607172
2030-01-28 08:00:00,38,0,0.2582384986523638,69.08462786377801
2030-01-28 12:00:00,36,0,0.2562852713863942,123.42380236695782
2030-01-28 14:00:00,31,0,0.25588787462883494,148.67709245503235
2030-01-28 16:00:00,36,0,0.2556966943786453,212.7741163550425
2030-01-28 18:00:00,30,0,0.25601117551355673,176.44946206106948
2030-01-28 20:00:00,30,0,0.2561142148019717,152.28573834834043
2030-01-29 02:00:00,29,0,0.25425575662166994,6.727660868613807
2030-01-29 04:00:00,28,3,0.2532596068360137,220.72709589143338
2030-01-29 06:00:00,35,2,0.25372417761812177,237.17643512121182
2030-01-29 08:00:00,29,1,0.2542492245471863,324.1613280358556
2030-01-29 10:00:00,39,0,0.25541576039960157,164.39024169452804
2030-01-29 12:00:00,31,0,0.2553596753054109,199.47207767343252
2030-01-29 14:00:00,30,0,0.2556767336722397,133.85343673635356
2030-01-29 16:00:00,40,0,0.2555952602967375,223.4504862609398
2030-01-29 18:00:00,35,0,0.2560576276130654,215.98281774812148
2030-01-29 20:00:00,37,0,0.2564573252321545,125.497387689085
2030-01-29 22:00:00,37,0,0.25636556128506066,22.868509155619954
2030-01-30 02:00:00,36,0,0.25487676346968835,102.94886456855882
2030-01-30 04:00:00,32,0,0.2544772139301556,1.906856600713544
2030-01-30 06:00:00,33,0,0.25331922167312726,106.88831284271734
2030-01-30 08:00:00,35,0,0.25289463267042783,116.84798028677747
2030-01-30 10:00:00,44,0,0.25252698432963494,100.04937526107813
2030-01-31 00:00:00,33,0,0.24701075096699648,92.34997162283992
2030-01-31 08:00:00,30,0,0.24448092140856853,0.8852753067033485
2030-01-31 14:00:00,33,0,0.24229663818960476,62.243492719042486
2030-01-31 16:00:00,29,0,0.2416951077112271,49.00633976819473
2030-01-31 18:00:00,31,0,0.24099639550675492,138.76755207591555
2030-01-31 20:00:00,34,0,0.24090378285497072,41.38346130261818
2030-02-01 00:00:00,29,0,0.2393739258194671,79.5362453538478
2030-02-01 02:00:00,28,0,0.23891223769573527,63.50518337150574
2030-02-01 04:00:00,35,0,0.23835635867096236,76.98190702287468
2030-02-01 06:00:00,33,0,0.23781801567759017,104.58089878561307
2030-02-01 08:00:00,34,0,0.23746934910512027,192.27291260088128
2030-02-01 10:00:00,30,0,0.2377242285118366,57.236337814766664
2030-02-01 12:00:00,29,0,0.23710953698513565,46.85578537520118
2030-02-01 14:00:00,27,0,0.2364425954725232,81.03479167578436
2030-02-01 16:00:00,32,0,0.236117511819184,48.21258107144619
2030-02-01 18:00:00,35,0,0.23560641247609107,83.28050812100315
2030-02-01 20:00:00,29,0,0.23538418885340132,10.365544710094914
2030-02-02 08:00:00,30,0,0.23217715289898863,124.60745450757221
2030-02-02 10:00:00,31,0,0.2320920688058779,104.9508649730174
2030-02-04 06:00:00,37,0,0.22034498108546394,17.00746421525645
2030-02-05 08:00:00,36,0,0.21709201633566053,47.94638799768317
2030-02-17 12:00:00,36,0,0.20134993009442262,3.767245289355748
2030-02-17 16:00:00,36,0,0.20057931624008643,75.01157035792048
2030-02-17 20:00:00,41,0,0.20010130159894732,183.4845259233799
2030-02-17 22:00:00,34,0,0.20058065983260437,5.173876380598636
2030-02-20 12:00:00,45,0,0.19676018786275074,18.33852524768684
2030-02-20 14:00:00,45,0,0.19647223455620486,62.435912581556195
2030-02-21 20:00:00,45,0,0.19445314981031475,11.431269477678269
2030-02-21 22:00:00,45,0,0.19415600975973307,235.0875830015654
2030-02-22 00:00:00,46,0,0.19488129433180074,212.23972706436464
2030-02-22 02:00:00,45,0,0.19530934872293598,335.6799979871291
2030-02-22 04:00:00,45,0,0.1963698730028311,225.33240632635508
2030-02-22 06:00:00,46,0,0.19684918105306054,366.7834244240388
2030-02-22 08:00:00,44,0,0.19805398599179672,302.81076712811216
2030-02-22 10:00:00,45,0,0.1989224752669762,131.59577533511407
2030-02-22 12:00:00,48,0,0.19890721872191325,265.83404546537804
2030-02-22 14:00:00,50,0,0.199591500546744,153.2957210331963
2030-02-22 16:00:00,48,0,0.19968857993769507,234.42302246231293
2030-02-22 18:00:00,50,0,0.2002097788544898,195.4611621387972
2030-02-22 20:00:00,43,0,0.2005912134683021,162.29631492409362
2030-02-22 22:00:00,42,0,0.2008512329525848,79.71245555438202
2030-02-23 00:00:00,43,0,0.2007634613835163,120.74436532160132
2030-02-23 02:00:00,38,0,0.20087839506151114,102.38593556168956
2030-02-23 04:00:00,41,0,0.20101266556099845,177.77244166072367
2030-02-23 06:00:00,43,3,0.2014760171642896,295.719290960234
2030-02-23 08:00:00,51,0,0.20243418108281233,152.9918909978279
2030-02-23 20:00:00,43,0,0.20122152260556206,29.37155883174642
2030-02-24 18:00:00,45,0,0.19971321604477194,74.88204055865006
2030-02-26 22:00:00,45,0,0.1960589517622355,26.37367322355047
2030-02-27 00:00:00,44,0,0.19582015759685426,130.15357451195933
2030-02-27 02:00:00,44,0,0.195943174615713,112.98628696508898
2030-02-27 06:00:00,41,0,0.1957315630333766,86.71870888579622
2030-02-27 10:00:00,42,0,0.1952858485085097,166.30110407111232
2030-02-27 12:00:00,41,0,0.1955301584560886,238.68756459155054
2030-02-27 14:00:00,40,0,0.1961794809710298,112.39531467796755
2030-02-27 16:00:00,43,0,0.1963056586626959,94.3248339838722
2030-02-27 18:00:00,44,0,0.19634019756669416,153.6359242443001
2030-02-28 04:00:00,33,0,0.19495440637999562,95.27942758876442
2030-02-28 06:00:00,40,0,0.19485212588000708,92.52372196640418
2030-02-28 08:00:00,47,0,0.19467806176188795,166.40939315489982
2030-02-28 10:00:00,41,0,0.19484471886350183,91.72262955560034
2030-02-28 16:00:00,36,0,0.1935006859535221,225.21986941688553
2030-02-28 18:00:00,39,0,0.19394560311084416,258.27384746710646
2030-02-28 20:00:00,47,0,0.19452539107911201,185.86885498538675
2030-02-28 22:00:00,36,0,0.1947737203816945,120.7609595466063
2030-03-01 00:00:00,42,0,0.19475449471538492,134.87097498544694
2030-03-01 02:00:00,42,0,0.1947953275054907,20.599629705673674
2030-03-01 04:00:00,38,0,0.19432058375297775,21.068810221730683
2030-03-01 06:00:00,41,0,0.19392191352298907,161.2523648813725
2030-03-01 12:00:00,39,0,0.19322100205234957,65.18604109375775
2030-03-01 16:00:00,37,0,0.1923878791247861,113.9450388838308
2030-03-01 18:00:00,35,0,0.19231848174584712,110.87328270125934
2030-03-01 20:00:00,37,0,0.19223398289817412,96.85573005903282
2030-03-01 22:00:00,39,0,0.1920887698483084,14.281291741246822
2030-03-02 00:00:00,36,0,0.1915855354317977,55.21899398149839
2030-03-02 02:00:00,38,0,0.19126263233410387,58.422208006036655
2030-03-02 04:00:00,31,1,0.19095657274187922,99.31386063640754
2030-03-02 06:00:00,32,0,0.19082801379090103,57.88333981699089
2030-03-02 08:00:00,31,0,0.1905217991570956,19.62161062254974
2030-03-02 14:00:00,36,0,0.1889604323666496,17.100431703090628
2030-03-02 18:00:00,38,0,0.18796985862228766,75.69687078728758
2030-03-02 20:00:00,34,0,0.18776382480822626,14.194351975212731
2030-03-02 22:00:00,34,0,0.187291691549303,26.524489570773113
2030-03-03 00:00:00,36,0,0.18688114888673873,17.88694218394012
2030-03-03 02:00:00,35,0,0.18645701759424374,28.596737089977427
2030-03-03 06:00:00,37,0,0.18567309483957212,26.893823545059565
2030-03-03 10:00:00,40,0,0.18494131742447573,42.57879816660349
2030-03-03 12:00:00,44,0,0.18467259597424493,27.287457284896306
2030-03-03 16:00:00,41,0,0.18386002009474903,2.9958231460877323
2030-03-03 18:00:00,43,0,0.18336481037563715,111.11081219606
2030-03-03 20:00:00,44,0,0.18331287460198764,14.707355566939938
2030-03-03 22:00:00,48,0,0.1828659817326853,32.31427641355558
2030-03-04 00:00:00,44,0,0.18249550115604987,123.19545254248655
2030-03-04 02:00:00,34,0,0.18250804154229877,85.9604253140182
2030-03-04 04:00:00,34,0,0.18239838737823638,105.32241719425645
2030-03-04 06:00:00,30,0,0.18237996839126727,162.2631167778317
2030-03-04 12:00:00,37,0,0.18183781197645038,105.47581950987227
2030-03-04 14:00:00,40,0,0.18179161715101094,122.27921567569075
2030-03-04 18:00:00,36,0,0.18130653384954176,235.61862243752273
2030-03-04 20:00:00,41,0,0.18176261454063697,140.20246502721676
2030-03-04 22:00:00,37,0,0.18183658787642099,162.2162040797458
2030-03-05 00:00:00,38,0,0.1819956894003703,203.35939076156936
2030-03-05 02:00:00,40,0,0.18232198398476607,59.433212159835335
2030-03-05 04:00:00,35,0,0.18207175626582484,46.44260214223334
2030-03-05 06:00:00,33,0,0.18181946233948254,115.92708844774754
2030-03-05 08:00:00,31,0,0.18180850937480378,130.1870223966861
2030-03-05 10:00:00,43,0,0.1818480943883668,135.35999518634782
2030-03-05 12:00:00,34,0,0.18190270170934064,169.08798419506982
2030-03-05 14:00:00,31,2,0.18208856932781226,204.00075562650596
2030-03-05 16:00:00,43,0,0.18240457844235572,194.62924861663964
2030-03-05 18:00:00,45,0,0.18271095594542958,116.10432281325532
2030-03-05 20:00:00,42,0,0.18277164382966793,211.71025462679225
2030-03-05 22:00:00,33,0,0.1831395157699324,44.191529027602975
2030-03-07 10:00:00,42,0,0.1802977691186483,102.48163489977206
2030-03-07 16:00:00,47,0,0.17977823663689838,114.83666819121791
2030-03-07 18:00:00,47,0,0.1799122053393893,146.51305444304137
2030-03-07 20:00:00,45,0,0.1800773524283646,275.6056126446998
2030-03-07 22:00:00,45,0,0.1806750993866628,317.20628897062426
2030-03-08 00:00:00,46,0,0.18142545657324458,310.1192630570188
2030-03-08 02:00:00,47,0,0.18214715065929651,399.42511687880943
2030-03-08 04:00:00,55,0,0.18322281148299946,277.07457112434173
2030-03-08 06:00:00,49,0,0.18390834397380915,6.886290773710292
2030-03-08 08:00:00,49,0,0.18356965853227328,305.4713134613027
2030-03-08 10:00:00,42,0,0.18424336848887202,353.3531656399723
2030-03-08 12:00:00,43,0,0.1851149762069701,79.19800712890768
2030-03-08 18:00:00,37,0,0.18468226373610763,77.30355868171429
2030-03-08 20:00:00,40,0,0.1846565975061401,85.92028778993757
2030-03-08 22:00:00,40,0,0.18459787409725512,180.48609759324813
2030-03-09 00:00:00,33,0,0.18491995067322237,189.60866685965692
2030-03-09 02:00:00,47,0,0.18521669462189386,189.5760383235463
2030-03-09 04:00:00,32,0,0.1854706266686371,127.93466810857785
2030-03-09 06:00:00,33,0,0.18549781964854117,52.46330858686662
2030-03-09 08:00:00,32,0,0.18524032915058933,25.389466191856595
2030-03-09 10:00:00,33,0,0.18488149842247645,19.18931567077419
2030-03-10 00:00:00,41,0,0.1820275060537852,7.288785807082979
2030-03-10 02:00:00,40,0,0.18163236444006536,24.308012235748294
2030-03-10 04:00:00,41,0,0.1812997149448015,64.44027237837545
2030-03-10 06:00:00,39,0,0.18109602773806058,40.059281274439634
2030-03-12 18:00:00,48,0,0.17442866563313664,73.77201992465064
2030-03-15 16:00:00,43,0,0.1710860402071596,32.96466943051875
2030-03-15 18:00:00,43,0,0.17098449600618573,21.851466074498845
2030-03-15 20:00:00,41,0,0.1707805139890826,145.0200055271218
2030-03-16 00:00:00,45,0,0.17069394625683715,23.208458366623354
2030-03-16 02:00:00,44,0,0.17050889824278426,67.57566990453519
2030-03-16 04:00:00,45,0,0.17046213351983475,175.50175430935485
2030-03-16 06:00:00,45,0,0.17072753257107165,52.000225253183324
2030-03-16 22:00:00,44,0,0.16884563226830293,32.16655730769314
2030-03-17 06:00:00,43,0,0.1679334096952284,18.218287108733225
2030-03-19 00:00:00,47,0,0.16425006712018647,61.38472840982331
2030-03-19 02:00:00,44,0,0.16416176238916505,134.66421298272087
2030-03-19 04:00:00,41,0,0.16428202668471348,101.62842036750963
2030-03-19 06:00:00,42,0,0.1642797265086721,72.16708316879513
2030-03-19 08:00:00,40,0,0.16424349449176992,211.34996183216091
2030-03-19 10:00:00,41,0,0.16463742975368742,125.62731866915094
2030-03-19 12:00:00,39,0,0.16475831153938358,74.05521930451962
2030-03-19 16:00:00,43,0,0.1644854822538489,35.0046177415425
2030-03-19 18:00:00,39,0,0.16427946610635152,181.70406260264022
2030-03-19 20:00:00,39,1,0.1645196385972349,338.1745896428791
2030-03-19 22:00:00,41,0,0.1652947773728238,154.59724661747794
2030-03-20 00:00:00,40,0,0.1654891567642777,146.39292926840463
2030-03-20 02:00:00,39,0,0.1656221593616835,82.42783825029791
2030-03-24 16:00:00,45,0,0.16201902550960295,4.278116496009169
2030-03-24 20:00:00,46,0,0.1613930002215375,17.34337234747712
2030-03-24 22:00:00,46,0,0.16115142497255902,30.45506821976946
2030-03-25 00:00:00,47,0,0.16092344580194806,5.9162715773114405
2030-03-25 16:00:00,51,0,0.1594408598727134,31.522318223648277
2030-03-25 18:00:00,47,0,0.1592487517440315,106.75805309694442
2030-03-25 20:00:00,50,0,0.15931725350513665,95.25448125846656
2030-03-25 22:00:00,47,0,0.15935681718961878,58.00454631141355
2030-03-26 00:00:00,44,0,0.1592853076712198,173.3762854547342
2030-03-26 02:00:00,43,0,0.1595241351265215,176.17106774457187
2030-03-26 08:00:00,52,0,0.15949993508985033,59.64917756975607
2030-03-26 12:00:00,52,0,0.1593712959635158,101.6808021206761
2030-03-26 14:00:00,47,0,0.1594808149421797,94.12894591477016
2030-03-26 16:00:00,50,0,0.15957173112440023,26.827255846472614
2030-03-26 18:00:00,46,0,0.1594810827631286,98.15714368133307
2030-03-26 20:00:00,47,0,0.15958337498499234,62.517845686559866
2030-03-26 22:00:00,45,1,0.15959136950016445,283.0128173638432
2030-03-27 00:00:00,53,0,0.1601735745454589,171.203744752074
2030-03-27 02:00:00,48,0,0.16040912072776356,267.1997829004126
2030-03-27 04:00:00,49,0,0.16094323975336658,249.26959030476453
2030-03-27 06:00:00,50,0,0.16137862396923738,110.90611106311643
2030-03-27 08:00:00,47,0,0.1614065165452159,158.56668048657008
2030-03-27 10:00:00,47,0,0.1615524309768433,173.8083339210948
2030-03-27 16:00:00,44,0,0.1611220622987835,173.4012725205841
2030-03-27 18:00:00,38,0,0.16130845828777676,278.5694615965492
2030-03-27 20:00:00,50,0,0.16179674017062737,82.69723741898727
2030-03-27 22:00:00,46,0,0.16176782148186555,129.57793551479807
2030-03-28 00:00:00,37,0,0.1618332941602244,79.01359223501787
2030-03-28 02:00:00,37,0,0.16175176741367708,166.94734067239756
2030-03-28 04:00:00,37,0,0.16191751478458832,205.01195604107895
2030-03-28 06:00:00,46,0,0.16219293218753875,151.69823400931637
2030-03-28 08:00:00,37,0,0.16232307446114716,151.20506847756593
2030-03-28 10:00:00,39,0,0.16244907342589662,110.79982562801139
2030-03-28 12:00:00,40,0,0.16246589781271617,91.11865064254422
2030-03-28 16:00:00,38,0,0.1621553161742012,219.52151370480442
2030-03-28 18:00:00,43,0,0.1624930806240251,37.907353062250344
2030-03-28 20:00:00,42,0,0.1622997162041931,248.24863876042272
2030-03-28 22:00:00,44,0,0.16269532196925485,175.34267083516406
2030-03-29 00:00:00,40,0,0.16288236555190563,175.15930553993212
2030-03-29 02:00:00,42,0,0.1630670595323452,97.56070924046205
2030-04-01 18:00:00,47,0,0.1591351929932031,38.464867375410506
2030-04-01 20:00:00,46,0,0.15907109747934173,154.26301885049756
2030-04-01 22:00:00,44,0,0.1592831106943273,213.69788787754706
2030-04-02 00:00:00,44,0,0.15963005863112775,76.5139252515002
2030-04-02 16:00:00,41,0,0.15876763941109315,61.033826834551846
2030-04-02 18:00:00,44,0,0.1587618749951415,129.72004151193156
2030-04-07 10:00:00,49,0,0.1536233403161367,14.748990036081766
2030-04-07 20:00:00,50,0,0.15274151335408934,103.27794626386505
2030-04-07 22:00:00,51,0,0.15277219978892892,151.48663526611693
2030-04-08 02:00:00,52,0,0.15281617809762083,85.22292015329425
2030-04-09 20:00:00,51,0,0.15122801438593145,76.28674252481969
2030-04-09 22:00:00,49,0,0.1512604364572915,108.2350315727295
2030-04-10 00:00:00,46,0,0.15137420630800572,253.3225757295335
2030-04-10 02:00:00,54,0,0.15182693069619974,141.53068003524
2030-04-10 04:00:00,48,0,0.15200702040744257,1.7537096707653315
2030-04-10 06:00:00,48,0,0.15188141183847734,47.44534654011098
2030-04-10 12:00:00,45,0,0.15155699327705752,7.626525985754013
2030-04-10 22:00:00,45,0,0.15087979602009846,16.26047814248144
2030-04-15 14:00:00,48,0,0.14903537175404308,21.77122641818609
2030-04-15 16:00:00,50,0,0.14890458648246924,111.75026215532472
2030-04-15 18:00:00,50,0,0.14894257621381374,179.1962791194419
2030-04-15 20:00:00,45,0,0.14916500327633334,158.26076014513603
2030-04-15 22:00:00,43,0,0.14931066288913628,42.8612306705355
2030-04-16 00:00:00,44,0,0.14917223237451177,45.016557505520154
2030-04-16 02:00:00,45,0,0.1490414918135326,48.50674717303472
2030-04-16 04:00:00,45,0,0.14892151911703272,9.51021102405197
2030-04-17 04:00:00,49,0,0.14671751455429227,9.586020409736594
2030-04-17 18:00:00,49,0,0.14539580485529052,57.00903879340801
2030-04-17 20:00:00,49,0,0.14532235055390436,147.13144416354018
2030-04-17 22:00:00,44,0,0.14544654709190258,121.55464052822401
2030-04-18 00:00:00,45,0,0.14551004333062034,201.8531637176016
2030-04-18 02:00:00,46,0,0.14575989496880556,62.546162345773446
2030-04-18 04:00:00,47,0,0.145677312525876,124.5663913355101
2030-04-18 06:00:00,44,0,0.14575934870685084,251.27911601482487
2030-04-18 08:00:00,46,0,0.14616067595017362,121.68352670411169
2030-04-18 12:00:00,45,0,0.14610332132163856,67.2627775648489
2030-04-18 14:00:00,48,0,0.1460968423256829,190.12888463155042
2030-04-18 16:00:00,45,0,0.14635454093289374,40.982563797043234
2030-04-18 18:00:00,40,2,0.14624118013983195,265.2019589965439
2030-04-18 20:00:00,50,0,0.1466995673982617,272.685662677735
2030-04-18 22:00:00,41,0,0.14713610402164007,334.0576276633805
2030-04-19 00:00:00,51,0,0.14769794522777932,347.4198263180283
2030-04-19 02:00:00,47,0,0.14828386388954964,286.8438950521148
2030-04-19 04:00:00,46,0,0.14871921185632794,222.6108250030314
2030-04-19 08:00:00,40,0,0.14877710394145474,117.91001402634177
2030-04-19 10:00:00,44,0,0.14882249822438778,7.031530486656438
2030-04-19 14:00:00,38,0,0.148444653849521,64.1096437685979
2030-04-19 16:00:00,43,0,0.14841966975326204,184.93558327812116
2030-04-19 20:00:00,45,0,0.14841374409075317,169.6149887045324
2030-04-19 22:00:00,41,0,0.14858561610096258,111.57611082244472
2030-04-20 00:00:00,33,0,0.14862558198902995,74.4091471851589
2030-04-20 02:00:00,46,0,0.14857675288792355,59.76531751708072
2030-04-20 04:00:00,41,0,0.1484897645152999,68.25431948487105
2030-04-20 06:00:00,42,0,0.14842185376886824,113.08006538924838
2030-04-20 08:00:00,46,0,0.14846693102744007,26.758350023183482
2030-04-20 10:00:00,45,0,0.14830751084850557,15.512044658887849
2030-04-20 14:00:00,48,0,0.14791019741820377,1.652703344457568
2030-04-20 18:00:00,46,0,0.1475756802142311,2.1597092078679205
2030-05-04 18:00:00,50,0,0.14159015078989004,4.812870285000658
2030-05-05 00:00:00,50,0,0.14118327438087555,12.872078364255334
2030-05-05 14:00:00,52,0,0.14061024964691135,53.22400227798751
2030-05-05 16:00:00,53,0,0.14058051599522903,195.38622050432895
2030-05-05 18:00:00,49,0,0.14083369703029172,45.19290419158872
2030-05-06 00:00:00,48,0,0.14056281642155938,2.0685598969310606
2030-05-06 02:00:00,48,0,0.14043349421167492,63.69096668842471
2030-05-06 04:00:00,48,0,0.14041072550623043,30.63467224006757
2030-05-06 08:00:00,51,0,0.1401586005453168,120.10531858887892
2030-05-06 10:00:00,47,0,0.14025487308412699,49.71268900914012
2030-05-06 12:00:00,44,0,0.14018944929718088,45.54075488834544
2030-05-06 14:00:00,44,0,0.14011771741715096,6.93959471739214
2030-05-09 18:00:00,48,0,0.13821207270656513,66.91665133997216
2030-05-10 20:00:00,49,0,0.13763191041887196,2.680928005543345
2030-05-12 14:00:00,52,0,0.1367679505857124,40.42331765021492
2030-05-12 20:00:00,52,0,0.13653596269529503,221.97087488486324
2030-05-12 22:00:00,49,0,0.13685691176026754,18.20127196147442
2030-05-15 14:00:00,51,0,0.13612396002366473,11.065067101043883
2030-05-15 16:00:00,50,0,0.13604664259576477,157.87016999589076
2030-05-15 18:00:00,50,0,0.13623666643066196,57.66470227185688
2030-05-15 20:00:00,43,0,0.13622453781381502,81.73461618602917
2030-05-15 22:00:00,46,0,0.13625272785200723,113.5214606534292
2030-05-16 00:00:00,49,0,0.13633810027820492,82.921409319586
2030-05-16 04:00:00,47,0,0.1363221879089159,18.409518599347283
2030-05-17 14:00:00,47,0,0.13514373779195593,54.7919421043774
2030-05-30 20:00:00,54,0,0.12921981483544798,134.40584540104223
2030-05-30 22:00:00,49,0,0.12934868273063596,157.25321400725753
2030-05-31 00:00:00,54,0,0.12951012383727098,191.47564210318347
2030-05-31 02:00:00,50,0,0.1297185956507409,193.36902107963215
2030-05-31 04:00:00,45,0,0.12993070165252368,128.4989985296416
2030-05-31 06:00:00,49,0,0.1300329472001744,86.38320515168016
2030-05-31 08:00:00,50,0,0.1300509546857988,129.69829318240252
2030-05-31 10:00:00,44,0,0.1301576815054258,70.41545873504798
2030-05-31 14:00:00,44,0,0.13004841313955137,96.51363493736199
2030-05-31 16:00:00,41,0,0.13008586039365685,24.664098897226612
2030-06-05 22:00:00,48,0,0.12793620105068523,44.08477033937285
2030-06-06 00:00:00,51,0,0.1278814206978571,8.15627821385978
2030-06-06 04:00:00,50,0,0.1276171531538612,2.1987722242427665
2030-06-06 06:00:00,51,0,0.12748187979352762,35.38257263032685
2030-07-01 16:00:00,57,0,0.12210606207665799,272.34650075986593
2030-07-01 18:00:00,57,0,0.12247585220661399,47.054506873776646
2030-07-01 20:00:00,57,0,0.1224294733553663,313.2024939881641
2030-07-01 22:00:00,56,0,0.12285018310860935,265.5821342305318
2030-07-02 00:00:00,51,0,0.1231923889628724,0.07970935854461589
2030-07-02 02:00:00,51,0,0.12304881025575508,279.5728983420393
2030-07-02 04:00:00,51,0,0.12341522683361464,197.48442005610235
2030-07-02 06:00:00,46,0,0.12364490882655589,286.0575862089938
2030-07-02 08:00:00,52,0,0.12402026914888324,241.309876815498
2030-07-02 10:00:00,51,0,0.12431340979248334,179.7863163049135
2030-07-02 12:00:00,51,0,0.12449248396616049,147.55976107793487
2030-07-02 20:00:00,54,0,0.12432311637468511,145.46234559394156
2030-07-04 20:00:00,55,0,0.12357015597591646,8.281367914080104
2030-07-05 22:00:00,54,0,0.12292588642305259,52.10247679324977
2030-07-07 18:00:00,54,0,0.12175510158673081,4.321021058872865
2030-07-07 20:00:00,54,0,0.12167151246950272,48.167234923169616
2030-07-07 22:00:00,55,0,0.12166104242616536,1.8898317471972226
2030-07-09 00:00:00,56,0,0.12089800100424782,32.724005375420504
2030-07-09 02:00:00,57,0,0.12085591712250444,0.34461321752643714
2030-08-02 12:00:00,52,0,0.11661688387119086,45.00900371858286
2030-08-04 02:00:00,52,0,0.1157671239181997,34.80830008294599
2030-08-16 14:00:00,52,0,0.11311568212359029,163.2334370322428
2030-08-16 16:00:00,50,0,0.11327861835418428,117.00893065892879
2030-08-16 18:00:00,53,0,0.11336741877623518,20.17935759726919
2030-08-16 20:00:00,51,0,0.11332597515390458,234.58951584967417
2030-08-16 22:00:00,54,0,0.1135890233623693,177.00929603773355
2030-08-17 00:00:00,52,0,0.11376747005852102,161.39608784214587
2030-08-17 02:00:00,52,0,0.11390648920698362,149.21839517751758
2030-08-17 06:00:00,47,0,0.11393492215971475,60.73582533697217
2030-08-17 14:00:00,48,0,0.11357534952231262,19.397174343050157
2030-08-17 20:00:00,50,0,0.11325633180165154,20.215735442986727
2030-08-17 22:00:00,50,0,0.11317226130088805,17.118883448306757
2030-08-18 00:00:00,50,0,0.11309248576237232,69.84596238245406
2030-08-18 02:00:00,48,0,0.11310954034619392,35.92428508598132
2030-08-19 18:00:00,51,0,0.11190171850388987,143.32836888650007
2030-08-19 20:00:00,51,0,0.11204061223659809,158.5421169810961
2030-08-19 22:00:00,49,0,0.11220382133336465,113.42785022155886
2030-08-20 00:00:00,48,0,0.11229199245259157,160.52432513896807
2030-08-20 02:00:00,53,0,0.11246188156556958,168.93963043695183
2030-08-20 04:00:00,48,0,0.11264200216180557,70.21327620473994
2030-08-20 12:00:00,48,0,0.1124747786265504,94.76664569192786
2030-08-20 14:00:00,46,0,0.11251175252000303,93.57747021421031
2030-08-20 16:00:00,49,0,0.11256306441718421,22.600203521354654
2030-08-29 18:00:00,49,0,0.11049439233354831,177.46407393780228
2030-08-29 20:00:00,47,0,0.11066057579647846,59.23568835828243
2030-08-30 00:00:00,46,0,0.11057383942356429,59.75853467847378
2030-08-30 02:00:00,49,0,0.1105577485724587,106.08887095926038
2030-08-30 04:00:00,47,0,0.11061449888885168,48.117712041001745
2030-08-30 08:00:00,49,0,0.11053898176637271,64.31105864620045
2030-08-30 12:00:00,43,0,0.11047186470034119,62.78610960260073
2030-08-31 00:00:00,47,0,0.11034092101185068,4.510754663670349
2030-09-04 06:00:00,47,0,0.10974561069867773,91.23414733174093
2030-09-04 08:00:00,46,0,0.1097999856663363,77.28514407729358
2030-09-04 12:00:00,54,0,0.10976202711360662,30.76869493300174
2030-09-04 18:00:00,50,0,0.10959319077506761,83.26753707902867
2030-09-04 20:00:00,46,0,0.10963601570011872,4.155657743419158
2030-09-04 22:00:00,46,0,0.10955573867549358,36.778703837833845
2030-09-07 00:00:00,55,0,0.10886495316305206,34.23151805113675
2030-09-09 20:00:00,55,0,0.10812771061541203,43.61900136396599
2030-09-09 22:00:00,50,0,0.10813174315283598,58.98150728997319
2030-09-10 00:00:00,50,0,0.10815706378561538,85.61680575844169
2030-09-10 02:00:00,48,0,0.1082097740338794,103.37137252676327
2030-09-10 04:00:00,51,0,0.1082884915362795,61.048092154188616
2030-09-11 22:00:00,46,0,0.10795393596272629,64.12959466756163
2030-09-12 00:00:00,47,0,0.10798303593128869,128.3746429486047
2030-09-12 02:00:00,48,0,0.10810382372847548,52.69981556112613
2030-09-12 04:00:00,45,0,0.10812835148938703,118.14104881813108
2030-09-13 22:00:00,52,0,0.1077865627404832,111.57258277549592
2030-09-19 18:00:00,53,0,0.10634262227125417,13.703909689020524
2030-09-19 22:00:00,52,0,0.10619069674614454,80.8815169407057
2030-09-20 22:00:00,51,0,0.10561002932093372,19.516543703309697
2030-09-21 00:00:00,47,0,0.10555396704488246,27.284410111846633
2030-09-21 02:00:00,47,0,0.10549792845029282,40.59553958928507
2030-09-21 04:00:00,47,0,0.10546052390156306,44.67878621635599
2030-09-21 06:00:00,47,0,0.10542761168163907,37.42184388370025
2030-10-01 10:00:00,57,0,0.10375974502011011,15.842259358435633
2030-10-01 18:00:00,57,0,0.10354474811452061,30.877425612491894
2030-10-01 20:00:00,54,0,0.10352709331679487,224.02655953213772
2030-10-06 10:00:00,54,0,0.10225272747057136,2.7970342319693953
2030-10-06 12:00:00,54,0,0.10216723948768829,2.0436819182115205
2030-10-07 02:00:00,54,0,0.10161570289771071,6.655765541713188
2030-10-07 10:00:00,54,0,0.10131648491398769,26.63935371800398
2030-10-07 16:00:00,51,0,0.10118827373217283,10.086741887369863
2030-10-07 18:00:00,51,0,0.10113534596155344,120.76969761595915
2030-10-07 20:00:00,50,0,0.10122185833319393,84.4685499913556
2030-10-07 22:00:00,51,0,0.10126274094608734,58.51622512048857
2030-10-08 00:00:00,53,0,0.10127348706274712,93.3396846939297
2030-10-08 02:00:00,50,0,0.10131992015673454,44.78521592736342
2030-10-08 04:00:00,46,0,0.1012926164659948,27.137716649520478
2030-10-08 06:00:00,49,0,0.10124772068630637,80.93046266511527
2030-10-08 08:00:00,46,0,0.10127557894369815,45.17198119095454
2030-10-08 16:00:00,48,0,0.10101508938224886,77.58676264949916
2030-10-08 18:00:00,46,0,0.10103173889465844,107.853878315325
2030-10-08 20:00:00,48,0,0.1010890346541149,17.19005200985872
2030-10-08 22:00:00,45,0,0.101031855898705,49.65851291371476
2030-10-09 00:00:00,44,0,0.10101776768272457,89.39027419904002
2030-10-09 02:00:00,53,0,0.1010543410432452,24.049706320301446
2030-10-09 04:00:00,51,0,0.10101064700278486,18.07268148261682
2030-10-09 06:00:00,51,0,0.10096457740261446,36.767579674593726
2030-10-13 06:00:00,51,0,0.09978977928067356,18.999622775564283
2030-10-13 10:00:00,52,0,0.09969661600438144,94.00512099539041
2030-10-13 14:00:00,50,0,0.09970461036132786,155.76939315894867
2030-10-13 16:00:00,50,0,0.09984067988309932,201.93999541171456
2030-10-13 20:00:00,50,0,0.09998930442084933,142.47841593661516
2030-10-13 22:00:00,45,3,0.10012070272157333,296.5441128404002
2030-10-14 02:00:00,55,0,0.10040813394295883,33.50334584058698
2030-10-19 16:00:00,54,0,0.09950194332826992,15.327710483626472
2030-10-19 22:00:00,52,0,0.09940474041552337,1.4232014967194957
2030-10-22 12:00:00,55,0,0.0985540785743577,10.358831291410914
2030-10-24 18:00:00,57,0,0.09787750025102811,88.79038693075823
2030-10-24 20:00:00,52,0,0.0979102738954428,149.00532161644335
2030-10-24 22:00:00,51,0,0.0980221664824257,110.07674579105958
2030-10-25 00:00:00,47,0,0.09808064131754254,86.32337288131797
2030-10-25 06:00:00,50,0,0.09796407921156591,56.335378969624436
2030-10-25 08:00:00,48,0,0.0979522698516966,128.7089649052954
2030-10-25 10:00:00,52,0,0.09803357990662918,164.87849514835636
2030-10-25 12:00:00,45,0,0.09815765734976512,142.02978191538676
2030-10-25 14:00:00,44,0,0.09825373691199077,116.56167105809216
2030-10-25 18:00:00,48,0,0.09824016974107756,127.31687384603443
2030-10-25 20:00:00,50,0,0.09832827240353266,27.412876593220595
2030-11-02 14:00:00,53,0,0.09701679725429456,124.17894545296942
2030-11-02 16:00:00,46,0,0.09710390069646495,252.5596469224256
2030-11-02 18:00:00,54,0,0.09734008962455454,23.14617140835205
2030-11-02 20:00:00,53,0,0.09732293041324162,89.78955933641342
2030-11-02 22:00:00,46,0,0.09738078405707862,125.61005310927203
2030-11-03 00:00:00,52,0,0.09747106400489255,23.989650028661337
2030-11-03 02:00:00,47,0,0.0974458408858216,234.22480054797745
2030-11-03 04:00:00,48,0,0.09766392864395625,316.4270614265513
2030-11-03 06:00:00,54,0,0.09798808938767031,329.22587369600535
2030-11-03 10:00:00,48,0,0.0982468015540323,8.615215237645758
2030-11-03 14:00:00,47,0,0.09813454158695958,361.8828738436377
2030-11-03 16:00:00,53,0,0.0985054837149718,304.91964321179023
2030-11-03 18:00:00,55,0,0.09881306394341875,353.32181106528077
2030-11-03 20:00:00,48,0,0.09917534056045277,427.9116193182447
2030-11-03 22:00:00,56,0,0.09962648529454991,119.96664226316724
2030-11-04 00:00:00,54,0,0.09972072772418428,349.7020848829726
2030-11-04 02:00:00,51,0,0.1000791519542706,191.97750997318155
2030-11-04 04:00:00,50,0,0.10025936426579865,237.26238581285037
2030-11-04 06:00:00,52,0,0.10047665124087451,221.75463067914563
2030-11-04 08:00:00,45,0,0.10067519706990025,292.5825038326192
2030-11-04 10:00:00,53,0,0.10096246685058217,25.4115331314265
2030-11-04 12:00:00,50,0,0.10094612864740479,232.36910721065195
2030-11-04 18:00:00,48,0,0.10104787527678387,179.81462354075455
2030-11-04 20:00:00,50,0,0.10120742659715479,240.4066495969625
2030-11-04 22:00:00,48,0,0.101434123013377,201.1533943461078
2030-11-05 00:00:00,49,0,0.101618498937547,85.78422159982682
2030-11-05 02:00:00,45,0,0.10166889805317414,270.7910763530457
2030-11-05 04:00:00,54,0,0.10192190474753307,106.22847711151044
2030-11-05 06:00:00,47,0,0.10197542054958049,132.20922619002909
2030-11-05 08:00:00,42,0,0.10205452037879516,126.08746337733265
2030-11-05 10:00:00,49,0,0.10212729399306507,81.75397922572505
2030-11-05 22:00:00,50,0,0.10185246277234258,10.72732959907527
2030-11-06 00:00:00,48,0,0.10180164820397468,34.83336179667689
2030-11-06 04:00:00,45,0,0.1017042225881829,2.197462776473833
2030-11-06 08:00:00,44,0,0.10156061497026134,25.68503750747562
2030-11-06 18:00:00,52,0,0.10122428082552719,32.819952025915676
2030-11-06 20:00:00,50,0,0.10118836876820989,64.68467892648215
2030-11-07 02:00:00,53,0,0.10104267441383419,22.925479672056902
2030-11-07 12:00:00,51,0,0.10074997028617756,45.418848904719425
2030-11-07 14:00:00,47,0,0.10073037231817353,26.91611132953419
2030-11-07 16:00:00,47,0,0.10068990005225294,11.752780086782407
2030-11-07 22:00:00,47,0,0.10055012875974612,123.20821805249895
2030-11-13 06:00:00,53,0,0.09993318589975937,186.99106993857487
2030-11-13 08:00:00,48,0,0.10008586308590557,102.19825688970155
2030-11-13 12:00:00,46,0,0.10009592189297362,167.10756877219657
2030-11-13 14:00:00,50,0,0.10022618611387005,66.73457004969883
2030-11-13 16:00:00,44,0,0.10025708430765451,212.9038287846922
2030-11-13 18:00:00,47,0,0.10043516642077154,218.90788679502492
2030-11-13 20:00:00,49,0,0.10061776523718392,225.59089395655792
2030-11-13 22:00:00,45,0,0.10080862716999006,36.44454200672368
2030-11-14 00:00:00,46,0,0.10079901182930456,21.82238890048351
2030-11-16 14:00:00,49,0,0.10023740177289464,32.17740119006699
2030-11-18 08:00:00,51,0,0.09990151975585217,44.89506101910058
2030-11-18 12:00:00,47,0,0.09987070010436769,160.6922909429529
2030-11-18 16:00:00,50,0,0.09992646367247014,91.93492794755326
2030-11-18 18:00:00,45,0,0.099955235228593,84.57569760266541
2030-11-18 20:00:00,48,0,0.09997634533092693,137.2115479233496
2030-11-18 22:00:00,42,0,0.10005827195089884,147.32450364770173
2030-11-19 00:00:00,41,0,0.1001505263261198,128.38225392716635
2030-11-19 02:00:00,47,0,0.10022132799253843,212.77437521002813
2030-11-19 04:00:00,50,0,0.10039579980094865,123.55570466159239
2030-11-21 04:00:00,46,0,0.10015746274830609,72.94313729658403
2030-11-21 06:00:00,43,1,0.10019730199344895,261.2867169458704
2030-11-21 08:00:00,48,0,0.10044270152221395,279.12908377570295
2030-11-21 10:00:00,50,0,0.10070502141425278,208.53678722624028
2030-11-21 12:00:00,50,0,0.1008903269025737,181.41881808856266
2030-11-21 14:00:00,49,0,0.1010461096814392,115.45149179049233
2030-11-21 16:00:00,44,0,0.10112847050096681,123.77867043158376
2030-11-22 00:00:00,44,0,0.10112280763222897,202.10658838652873
2030-11-27 18:00:00,49,0,0.10011888458907865,94.43620663459
2030-11-27 20:00:00,45,0,0.10015765895926475,44.08911988576558
2030-11-27 22:00:00,44,0,0.10013720246756883,58.60385785488876
2030-11-28 06:00:00,43,0,0.09991831096507585,14.52812262520321
2030-11-28 08:00:00,43,0,0.09986033804202596,48.7896931599675
2030-11-28 10:00:00,43,0,0.09984643377192173,1.1144818828252618
2030-11-28 14:00:00,43,0,0.09973312985432861,58.21075728954676
2030-11-28 16:00:00,40,0,0.09974204515437639,0.43291967954321114
2030-11-28 18:00:00,41,0,0.09969027763986718,118.05492616267779
2030-11-28 20:00:00,41,0,0.09975872172095446,173.7471836169271
2030-11-28 22:00:00,44,0,0.09988694414579498,123.57385785497414
2030-11-29 00:00:00,42,0,0.09995483447679215,110.97813270113647
2030-11-29 02:00:00,44,0,0.10000851480445239,85.83881873928787
2030-11-29 04:00:00,49,0,0.10003436969589062,139.24203442982164
2030-11-29 06:00:00,48,0,0.10011706316237175,117.09795234421583
2030-11-29 08:00:00,47,0,0.10017410750678578,74.20894560108881
2030-11-29 10:00:00,44,0,0.10018681677807595,48.91294956544362
2030-11-29 14:00:00,38,0,0.1001015019719042,126.58682457556952
2030-11-29 16:00:00,49,0,0.10016976326667126,62.17448893209552
2030-11-29 18:00:00,44,0,0.1001713285976885,163.79679436108339
2030-11-29 20:00:00,37,0,0.10028133720417165,128.94444747156905
2030-11-29 22:00:00,43,0,0.10034987898804125,266.12433225337327
2030-11-30 00:00:00,48,0,0.10056944793871353,47.767540305899914
2030-11-30 02:00:00,45,0,0.10054726408483922,211.6460262152042
2030-11-30 04:00:00,40,0,0.10070712540802124,369.05856472008486
2030-11-30 06:00:00,52,0,0.10104125430310971,374.39976447191407
2030-11-30 08:00:00,47,0,0.10137925558272118,329.4090609570908
2030-11-30 10:00:00,46,0,0.1016668663016813,331.9575944489709
2030-11-30 12:00:00,47,0,0.101956892664053,425.306058180735
2030-11-30 14:00:00,47,0,0.10235331689136248,278.45620339109945
2030-11-30 16:00:00,56,0,0.10259851170776678,301.53470171602766
2030-11-30 18:00:00,36,0,0.10285466254781682,293.77312919242047
2030-11-30 20:00:00,55,0,0.10310273925502535,137.217065456625
2030-11-30 22:00:00,42,0,0.10317744715905966,57.20218094142706
2030-12-01 00:00:00,38,0,0.10316939644854392,386.2980204774213
2030-12-01 02:00:00,52,0,0.10351808369494442,353.4874560487356
2030-12-01 04:00:00,42,1,0.10383166134016217,356.5351544927664
2030-12-01 06:00:00,53,0,0.10416137111825262,319.39620503303485
2030-12-01 08:00:00,44,0,0.10444533933831368,437.57052575846876
2030-12-01 10:00:00,53,0,0.10485418958745617,196.39450292850526
2030-12-01 12:00:00,45,0,0.10499566056956926,269.7267555687073
2030-12-01 14:00:00,51,0,0.10521780190103518,325.84570542730313
2030-12-01 16:00:00,48,0,0.10550716214527014,140.5986293380925
2030-12-01 18:00:00,52,0,0.10560649795401106,193.3634288233692
2030-12-01 20:00:00,38,0,0.10575808501668538,164.08156144302563
2030-12-01 22:00:00,47,0,0.10588064427230383,84.53363901474711
2030-12-02 02:00:00,46,0,0.10588275655848597,129.62831051480785
2030-12-02 04:00:00,45,0,0.10597000146693492,82.75088126501664
2030-12-02 06:00:00,44,0,0.1059988966881382,104.08682247170563
2030-12-02 08:00:00,43,0,0.10604045265636232,39.944081051387855
2030-12-02 10:00:00,43,0,0.10602296242733358,76.81732389616366
2030-12-02 14:00:00,40,0,0.10596556967030349,90.51170054189247
2030-12-02 18:00:00,36,0,0.10591294539064339,115.47509367943883
2030-12-02 20:00:00,48,0,0.10596108680247593,118.30776207675663
2030-12-02 22:00:00,44,0,0.10601183622738362,101.3596658399412
2030-12-03 08:00:00,44,0,0.10580885806533934,73.20503361059365
2030-12-03 14:00:00,41,0,0.10567713387467884,53.9750399770015
2030-12-03 16:00:00,38,0,0.10566227223055506,58.58789205790839
2030-12-03 18:00:00,36,0,0.10565263677269515,103.19418572639101
2030-12-04 06:00:00,40,0,0.10534207709106715,3.9881386196858863
2030-12-04 08:00:00,42,0,0.10527268958323102,129.4095836726884
2030-12-04 10:00:00,44,0,0.10533497610483722,81.90998983208073
2030-12-04 16:00:00,44,0,0.10519544255446972,117.88649846354109
2030-12-04 18:00:00,37,0,0.10524538870750766,95.47297133478718
2030-12-04 20:00:00,36,0,0.1052741639594241,31.26017372318676
2030-12-04 22:00:00,36,0,0.10523698289064604,53.22053029777884
2030-12-05 00:00:00,36,0,0.1052234793034914,16.4171415707655
2030-12-05 06:00:00,40,0,0.10503165218801434,36.120654606919594
2030-12-12 08:00:00,42,0,0.10335883170773386,14.874500689641728
2030-12-12 12:00:00,43,0,0.10327962479546503,14.091673702683725
2030-12-13 18:00:00,45,0,0.1025506036245046,4.627261217788229
2030-12-19 20:00:00,45,0,0.10158090530488893,191.10263837537974
2030-12-19 22:00:00,45,0,0.10172214631701934,179.19514745172054
2030-12-20 00:00:00,38,0,0.1018577011890968,94.64151269675982
2030-12-20 08:00:00,44,0,0.10178311993792481,50.56097958343764
2030-12-23 00:00:00,42,0,0.10100894447040479,13.359119256027126
2030-12-23 02:00:00,42,0,0.10095708063064546,128.2891021149874
2030-12-23 04:00:00,40,0,0.10101912851272228,159.92441311418713
2030-12-23 06:00:00,40,0,0.10111232669969919,133.01749805058017
2030-12-23 08:00:00,39,0,0.10117806448005343,93.35641676251589
2030-12-23 10:00:00,37,0,0.10120505163480552,36.23565236746971
2030-12-23 18:00:00,40,0,0.10102861211642251,29.115837423251723
2030-12-24 04:00:00,39,0,0.10079394404865709,20.71792649856885
2030-12-24 06:00:00,40,0,0.10075781173516926,74.91790112948988
2030-12-24 08:00:00,41,0,0.10077258989156349,129.80792904721716
2030-12-24 10:00:00,37,0,0.10084281498840052,13.320835963049284
2030-12-25 14:00:00,46,0,0.10037644212776414,73.2785602396088
2030-12-25 16:00:00,44,0,0.10039014224142197,131.2507992698822
2030-12-25 18:00:00,41,0,0.10045989863394314,146.75051380051812
2030-12-25 20:00:00,44,0,0.10054481493839951,157.3309776454014
2030-12-25 22:00:00,45,0,0.1006415513776983,147.68832489421362
2030-12-26 00:00:00,38,0,0.10073224561540019,52.19133384575632
2030-12-26 02:00:00,36,0,0.10073365479856927,157.53325537410277
2030-12-26 04:00:00,41,0,0.10082599914445373,20.442984419544796
2030-12-26 06:00:00,39,0,0.10077861132863299,80.93278376522215
2030-12-26 12:00:00,44,0,0.1007141590302821,54.57833236089367
2030-12-26 14:00:00,41,0,0.10070894408758437,118.92682123382545
2030-12-26 16:00:00,39,0,0.10076839726190914,120.33968283929775
2030-12-26 18:00:00,37,0,0.1008286306319348,4.824216392100752
2030-12-27 00:00:00,36,0,0.10072391128679417,3.084051057408313
2030-12-27 02:00:00,37,0,0.10068258805845909,136.88943221599772
2030-12-27 04:00:00,47,0,0.10075320202738339,143.94470570822486
2030-12-27 06:00:00,43,0,0.10083226388175448,116.5447383385822
2030-12-27 08:00:00,41,0,0.10088520817114657,114.84728899381369
2030-12-27 10:00:00,35,0,0.10093222660526202,125.05873806470265
2030-12-27 14:00:00,45,0,0.10092135997979175,69.94418531995012
2030-12-27 18:00:00,43,0,0.10087654905035023,122.82819337317818
2030-12-27 20:00:00,39,0,0.10093053042585917,98.29311487107064
2030-12-27 22:00:00,41,0,0.10096047295479384,89.48292518575494
2030-12-28 00:00:00,35,0,0.10098390138312557,9.82438083670044
2030-12-28 02:00:00,36,0,0.10092905656754854,43.89656115837197
2030-12-28 04:00:00,39,0,0.1009056247918591,39.802367883012366
2030-12-28 06:00:00,42,0,0.10087798380319257,108.12735147131366
2030-12-28 08:00:00,37,0,0.10091989521309026,166.736096184669
2030-12-29 08:00:00,46,0,0.10073889679509991,13.099196365993745
2030-12-30 02:00:00,47,0,0.10060448291784545,27.220392365393554
2030-12-30 04:00:00,45,0,0.10059676042943719,78.47301841057805
2030-12-30 06:00:00,48,0,0.10062561606501148,77.91309298875635
2030-12-30 10:00:00,47,0,0.10064455702325582,166.71027224040213
2030-12-30 14:00:00,45,0,0.10072920844580689,133.1238850197899
2030-12-30 20:00:00,40,0,0.10074288737768253,49.74178947949279
2030-12-31 00:00:00,38,0,0.10072265048399152,60.94057855244771
