unit,name,tso_id,station,group,in_CG1,in_CG3,in_Booltiagh,avail_MWh,dd_MWh,dd_ratio,constraint_only_ratio,locl_any_ratio,curl_only_ratio,h_locl,h_curl,halfhours,hh_constraint_only,hh_both,passes_filter,constraint_state_at_window_start,constraint_first_code,constraint_first_efftime,curtail_state_at_window_start,curtail_first_code,curtail_first_efftime
GU_404630,Cloghervaddy 2 Windfarm,YV2,BINBANE,CG1,True,True,False,4524.4995,882.2335,0.1949902967167971,0.09897580936852796,0.16337431355667076,0.027327442516017517,332.5,241.0,4226,423,242,True,False,LOCL,2026-06-11 03:57:50,False,CURL,2026-06-10 10:23:59
GU_402200,Tullynamoyle Windfarm 3,TM3,CORDERRY,CG3-only,False,True,False,4896.6635,914.421,0.18674368781926717,0.0861572374740474,0.14614880111733225,0.036762583338634566,310.5,245.5,4226,436,185,True,False,LOCL,2026-06-11 03:57:58,False,CURL,2026-06-10 10:44:04
GU_403750,Killala Windfarm,KF1,TAWNAGHMORE,CG3-only,False,True,False,8442.655999999999,1742.243,0.2063619552898993,0.08567961314543669,0.17758013591931263,0.023532641860570892,385.0,265.0,4226,491,279,True,False,LOCL,2026-06-11 03:35:07,False,CURL,2026-06-10 10:23:47
GU_400550,Sorne Hill Generator Unit,SN1,TRILLICK,CG1,True,True,False,13942.663,2917.792,0.20927078277657574,0.0827837551549514,0.17314511582184836,0.03306957931924483,324.5,272.5,4226,369,280,True,False,LOCL,2026-06-11 03:57:38,False,CURL,2026-06-10 10:23:47
GU_402160,Tullynamoyle 2 Windfarm,TM2,CORDERRY,CG3-only,False,True,False,3570.0475,702.7315,0.19684093839087574,0.07930440701419238,0.14890152021786823,0.043817624275307256,289.0,260.5,4226,374,204,True,False,LOCL,2026-06-11 03:57:48,False,CURL,2026-06-10 10:23:57
GU_405930,Lenalea Windfarm,LL1,LENALEA,CG1,True,True,False,14951.375,3150.5780000000004,0.2107216225932398,0.0765417896347326,0.16889148991313507,0.03843659864059326,329.0,340.0,4226,376,282,True,False,LOCL,2026-06-11 03:57:38,False,CURL,2026-06-10 10:23:47
GU_401280,Carrowleagh Windfarm,XR1,GLENREE,CG3-only,False,True,False,14256.5175,2751.13,0.19297349440352457,0.0761395621335996,0.1664187274346628,0.022490380276950526,388.5,243.0,4226,512,265,True,False,LOCL,2026-06-11 03:35:07,False,CURL,2026-06-10 10:23:47
GU_406560,Sheskin Windfarm,SS1,BELLACORICK,other,False,False,False,10888.4375,1869.7105000000001,0.17171522543983012,0.07337026088453923,0.14782006141836238,0.020225215968774215,380.5,260.5,4226,490,271,True,False,LOCL,2026-06-11 03:35:07,False,CURL,2026-06-10 10:23:47
GU_401720,Booltiagh Windfarm,BT1,BOOLTIAGH,Booltiagh,False,False,True,3426.748,589.172,0.1719332731791191,0.07285580964809786,0.10795380926756212,0.060507221423927296,217.0,262.0,4226,315,119,True,False,LOCL,2026-06-11 03:57:38,False,CURL,2026-06-10 10:23:47
GU_403990,Black Lough WFPS,XL1,GLENREE,CG3-only,False,True,False,8501.19,1305.8919999999998,0.15361284714257648,0.07139394602402722,0.12673825664406982,0.022773752851071437,398.5,246.5,4226,550,247,True,False,LOCL,2026-06-11 03:35:07,False,CURL,2026-06-10 10:23:47
GU_403760,Oweninney Windfarm 1,OY1,SRAHNAKILLY,other,False,False,False,61214.58499999999,9706.617000000002,0.15856706371528947,0.07026362263176333,0.13663078823453595,0.01861591481833946,375.5,261.0,4226,472,279,True,False,LOCL,2026-06-11 03:35:07,False,CURL,2026-06-10 10:23:47
GU_400021,Dunneil Windfarm (Kingsmountain Phase 2),KG2,CUNGHILL,CG3-only,False,True,False,3880.098,702.6854999999999,0.18109993613563366,0.06984024630305728,0.15749151181233054,0.019335336375524537,387.5,265.0,4226,485,290,True,False,LOCL,2026-06-11 03:35:07,False,CURL,2026-06-10 10:23:47
GU_400070,Meentycat Generator Unit,MCT,MEENTYCAT,CG3-only,False,True,False,41270.2575,7065.431500000001,0.17119911355047884,0.06176549782855123,0.1315233131268929,0.03704105795802219,321.5,339.5,4226,362,281,True,False,LOCL,2026-06-11 03:57:38,False,CURL,2026-06-10 10:23:47
GU_400950,Garvagh Glebe Generator Unit,GH1,GARVAGH,CG3-only,False,True,False,12765.9405,1946.147,0.15244838404189648,0.05879308304781774,0.11452446453122667,0.03472486026391866,289.0,266.5,4226,374,204,True,False,LOCL,2026-06-11 03:57:38,False,CURL,2026-06-10 10:23:47
GU_405130,Oweninney Windfarm 2,OY2,SRAHNAKILLY,other,False,False,False,64724.965,9487.3345,0.14657921406369245,0.05752637332441973,0.12698392343665232,0.016430561221624458,396.5,261.0,4226,510,283,True,False,LOCL,2026-06-11 03:35:19,False,CURL,2026-06-10 10:23:59
GU_405870,Airoshin Windfarm,MC1,BINBANE,CG1,True,True,False,2703.1854999999996,385.993,0.1427919023685204,0.054133354888149555,0.11855845631015706,0.02124290027450947,318.5,269.0,4226,367,270,True,False,LOCL,2026-06-11 03:57:38,False,CURL,2026-06-10 10:23:47
GU_403400,Magheramore Windfarm,MM1,DALTON_A1,other,False,False,False,28291.358500000002,4103.309499999999,0.14503755625591466,0.053760974397889016,0.11575009733095708,0.026412941605472917,342.0,266.0,4226,437,247,True,False,LOCL,2026-06-11 03:57:38,False,CURL,2026-06-10 10:23:47
GU_404480,Sorrell Island 2 Windfarm,SF2,BOOLTIAGH,Booltiagh,False,False,True,3684.3,492.007,0.13354151399180306,0.052982656135493855,0.07700933691610347,0.05228510164753142,218.0,264.0,4226,318,118,True,False,LOCL,2026-06-11 03:57:50,False,CURL,2026-06-10 10:23:59
GU_400940,Tullynahaw Generator Unit,GH2,GARVAGH,CG3-only,False,True,False,8923.628999999999,1457.271,0.16330474967078978,0.05156769740203229,0.1197826018988463,0.04015933427980926,251.0,257.5,4226,314,188,True,False,LOCL,2026-06-11 03:57:58,False,CURL,2026-06-10 10:24:07
GU_403880,Bunnyconnellan Windfarm,GJ1,GLENREE,CG3-only,False,True,False,13990.230499999998,1710.2244999999998,0.1222441974776613,0.04779571001349835,0.1045770475332769,0.014977415847437253,341.0,237.0,4226,447,235,True,False,LOCL,2026-06-11 03:35:07,False,CURL,2026-06-10 14:42:09
GU_401730,Booltiagh 2 Windfarm,BT2,BOOLTIAGH,Booltiagh,False,False,True,5299.978499999999,613.5350000000001,0.1157617903544326,0.04767613679942286,0.0687970715352902,0.043552252145928526,213.5,264.5,4226,309,118,True,False,LOCL,2026-06-11 03:57:58,False,CURL,2026-06-10 10:24:07
GU_404560,Beam Hill Windfarm,BM1,TRILLICK,CG1,True,True,False,3026.2755,193.507,0.0639422947448109,0.04343143907420194,0.04915927185082785,0.010618663105854043,88.5,83.0,4226,144,33,True,False,LOCL,2026-06-11 03:57:38,False,CURL,2026-06-10 10:43:44
GU_403800,Sorrell Island 1 Windfarm,SF1,BOOLTIAGH,Booltiagh,False,False,True,12192.003,955.953,0.0784081992105809,0.029453937962449647,0.040043051170509054,0.03416674028049369,120.0,197.5,4226,171,69,True,False,LOCL,2026-06-11 03:57:38,False,CURL,2026-06-10 10:23:47
GU_403840,Cronalaght 2 Windfarm,YC2,TIEVEBRACK,other,False,False,False,9125.363,432.4655,0.0473915941754865,0.016250093283960324,0.03948999069954806,0.0058221793478243,194.0,101.0,4226,262,126,True,False,LOCL,2026-06-11 03:57:38,False,CURL,2026-06-10 10:23:47
GU_407660,Crossmore Wind Farm,QC1,BOOLTIAGH,Booltiagh,False,False,True,7704.6005000000005,563.284,0.07311008533148473,0.0,0.0,0.06890324813077589,0.0,252.0,4226,0,0,False,False,,,False,CURL,2026-06-10 10:23:47
