generator,psse_bus,psse_bus_name,bus,station,carrier,p_nom,in_service,lat,lon,cell_lat,cell_lon,cell
10271-1,10271,HY_ARDNG1,1021,ARDNACRUSHA,hydro,21.0,True,52.7049873,-8.6163685,52.7,-8.6,+052.70_-0008.60
10272-2,10272,HY_ARDNG2,1021,ARDNACRUSHA,hydro,22.0,True,52.7049873,-8.6163685,52.7,-8.6,+052.70_-0008.60
10273-3,10273,HY_ARDNG3,1021,ARDNACRUSHA,hydro,19.0,True,52.7049873,-8.6163685,52.7,-8.6,+052.70_-0008.60
10274-4,10274,HY_ARDNG4,1021,ARDNACRUSHA,hydro,24.0,True,52.7049873,-8.6163685,52.7,-8.6,+052.70_-0008.60
10275-3,10275,W_KNOCKAST,1021,ARDNACRUSHA,wind,7.5,False,52.7049873,-8.6163685,52.7,-8.6,+052.70_-0008.60
10276-2,10276,W_MIENVEE,1021,ARDNACRUSHA,wind,0.66,False,52.7049873,-8.6163685,52.7,-8.6,+052.70_-0008.60
10401-1,10401,BS_AGHADA,1041,AGHADA,biomass,19.0,False,51.8356384,-8.227215,51.800000000000004,-8.200000000000001,+051.80_-0008.20
10470-1,10470,AGH_CCGT,10422,LONGPOINT,gas,456.69,True,51.8338841,-8.2332664,51.800000000000004,-8.200000000000001,+051.80_-0008.20
10471-1,10471,BS_AGHADA,1042,AGHADA,biomass,159.0,False,51.8356384,-8.227215,51.800000000000004,-8.200000000000001,+051.80_-0008.20
10472-11,10472,AGH_G11,1052,AGHADA_B,unknown,90.0,True,51.8324792,-8.2298695,51.800000000000004,-8.200000000000001,+051.80_-0008.20
10473-12,10473,AGH_G12,1052,AGHADA_B,unknown,90.0,True,51.8324792,-8.2298695,51.800000000000004,-8.200000000000001,+051.80_-0008.20
10474-14,10474,AGH_G14,1062,AGH_AT14,unknown,90.0,True,51.8324792,-8.2298695,51.800000000000004,-8.200000000000001,+051.80_-0008.20
10671-2,10671,W_CORRIEM,1061,ARIGNA,wind,4.8,False,54.0945702,-8.0755119,54.1,-8.1,+054.10_-0008.10
10672-3,10672,W_KILRONAN,1061,ARIGNA,wind,5.0,False,54.0945702,-8.0755119,54.1,-8.1,+054.10_-0008.10
10673-1,10673,W_SPIONKO,1061,ARIGNA,wind,1.2,False,54.0945702,-8.0755119,54.1,-8.1,+054.10_-0008.10
10674-5,10674,W_SELTANAV,1061,ARIGNA,wind,4.6,False,54.0945702,-8.0755119,54.1,-8.1,+054.10_-0008.10
11204-1,11204,BIO_ARKLOW,1121,ARKLOW,unknown,1.0,False,52.8151839,-6.147732,52.800000000000004,-6.1000000000000005,+052.80_-0006.10
11271-1,11271,W_ARKLOWB,1121,ARKLOW,wind,25.2,False,52.8151839,-6.147732,52.800000000000004,-6.1000000000000005,+052.80_-0006.10
11272-1,11272,PV_TEMPLERAI,1121,ARKLOW,solar,4.0,False,52.8151839,-6.147732,52.800000000000004,-6.1000000000000005,+052.80_-0006.10
11303-1,11303,BS_TOBERTORE,11310,TOBERTOREEN,biomass,11.0,False,52.43755,-9.3004089,52.400000000000006,-9.3,+052.40_-0009.30
11371-1,11371,W_ATHEA,1131,ATHEA,wind,34.35,False,52.43755,-9.3004089,52.400000000000006,-9.3,+052.40_-0009.30
11372-1,11372,W_TOBERTOREE,11310,TOBERTOREEN,wind,23.15,False,52.43755,-9.3004089,52.400000000000006,-9.3,+052.40_-0009.30
12101-XX,12101,BALLYVOUSKIL,1211,BALLYVOUSKIL,unknown,0.0,True,52.0059847,-9.0797175,52.0,-9.1,+052.00_-0009.10
12371-1,12371,W_BALLYWATER,1231,BALLYWATER,wind,31.5,False,52.5378526,-6.2495207,52.5,-6.2,+052.50_-0006.20
12372-2,12372,W_BALLYWATER,1231,BALLYWATER,wind,10.5,False,52.5378526,-6.2495207,52.5,-6.2,+052.50_-0006.20
12571-1,12571,W_BOOLTIAGH,1251,BOOLTIAGH,wind,19.45,False,52.7756037,-9.240483,52.800000000000004,-9.200000000000001,+052.80_-0009.20
12572-1,12572,W_BOOLTIAGH_,1251,BOOLTIAGH,wind,12.0,False,52.7756037,-9.240483,52.800000000000004,-9.200000000000001,+052.80_-0009.20
12574-1,12574,W_LISSYCASEY,1251,BOOLTIAGH,wind,13.399,False,52.7756037,-9.240483,52.800000000000004,-9.200000000000001,+052.80_-0009.20
12771-1,12771,PV_BALTRASNA,1271,BALTRASNA,solar,10.0,False,53.5454415,-6.4401389,53.5,-6.4,+053.50_-0006.40
12872-DW,12872,W_BALLYBANE,1281,BALLYLICKEY,wind,8.4,False,51.7239932,-9.4296621,51.7,-9.4,+051.70_-0009.40
12873-1,12873,W_BALLYBANE,1281,BALLYLICKEY,wind,19.55,False,51.7239932,-9.4296621,51.7,-9.4,+051.70_-0009.40
12874-1,12874,W_KEALKIL,1281,BALLYLICKEY,wind,8.5,False,51.7239932,-9.4296621,51.7,-9.4,+051.70_-0009.40
13011-1,13011,PV_BALLYNAGR,1301,BALLYBEG,solar,8.0,False,52.9909581,-6.0958665,53.0,-6.1000000000000005,+053.00_-0006.10
13170-1,13170,W_SCARTAGLEN,1311,CORDAL,wind,35.45,False,52.2145657,-9.2855811,52.2,-9.3,+052.20_-0009.30
13171-1,13171,W_COOLEGREAN,1311,CORDAL,wind,18.5,False,52.2145657,-9.2855811,52.2,-9.3,+052.20_-0009.30
13172-1,13172,W_SCARTAGLEN,1311,CORDAL,wind,3.8,False,52.2145657,-9.2855811,52.2,-9.3,+052.20_-0009.30
13271-1,13271,BLAKE,1321,BLAKE,unknown,4.999,True,53.2886399,-6.8812414,53.300000000000004,-6.9,+053.30_-0006.90
13371-1,13371,PV_BLUNDELST,1331,BLUNDELSTOWN,solar,60.0,False,53.444432,-6.5335903,53.400000000000006,-6.5,+053.40_-0006.50
13434-10,13434,HY_GLENTIES,1341,BINBANE,hydro,4.3,True,54.7189369,-8.2634291,54.7,-8.3,+054.70_-0008.30
13471-1,13471,W_BURTONPORT,1341,BINBANE,wind,0.66,False,54.7189369,-8.2634291,54.7,-8.3,+054.70_-0008.30
13472-DW,13472,W_SHANAGH_KI,1341,BINBANE,wind,2.55,False,54.7189369,-8.2634291,54.7,-8.3,+054.70_-0008.30
13473-4,13473,W_CORKERMO,1341,BINBANE,wind,9.99,False,54.7189369,-8.2634291,54.7,-8.3,+054.70_-0008.30
13474-1,13474,W_KILLIN_HIL,1341,BINBANE,wind,6.0,False,54.7189369,-8.2634291,54.7,-8.3,+054.70_-0008.30
13475-6,13475,W_LOUGHDER,1341,BINBANE,wind,7.65,False,54.7189369,-8.2634291,54.7,-8.3,+054.70_-0008.30
13476-3,13476,W_MEENACHU,1341,BINBANE,wind,11.9,False,54.7189369,-8.2634291,54.7,-8.3,+054.70_-0008.30
13477-2,13477,W_KILLYBEG,1341,BINBANE,wind,2.55,False,54.7189369,-8.2634291,54.7,-8.3,+054.70_-0008.30
13479-9,13479,W_MEENADREEN,1341,BINBANE,wind,3.4,False,54.7189369,-8.2634291,54.7,-8.3,+054.70_-0008.30
13872-1,13872,W_BARNAHELY,1381,BARNAHELY,wind,2.0,False,51.8284805,-8.3442652,51.800000000000004,-8.3,+051.80_-0008.30
14073-3,14073,W_BELLACORIC,1401,BELLACORICK,wind,6.45,False,54.1205007,-9.5787377,54.1,-9.600000000000001,+054.10_-0009.60
14304-1,14304,BALLYRAGGET,1431,BALLYRAGGET,unknown,7.5,False,52.7988347,-7.342814,52.800000000000004,-7.300000000000001,+052.80_-0007.30
14471-1,14471,W_KILVINAN,1441,BANDON,wind,4.0,False,51.7739278,-8.733195,51.800000000000004,-8.700000000000001,+051.80_-0008.70
14472-1,14472,W_KILVINAN_G,1441,BANDON,wind,0.85,False,51.7739278,-8.733195,51.800000000000004,-8.700000000000001,+051.80_-0008.70
14474-1,14474,W_GARRANEREA,1441,BANDON,wind,8.75,False,51.7739278,-8.733195,51.800000000000004,-8.700000000000001,+051.80_-0008.70
14871-1,14871,W_BEALLOUG,1481,BUTLERSTOWN,wind,1.7,False,52.2286078,-7.1703735,52.2,-7.2,+052.20_-0007.20
14971-1,14971,PV_DEENES,1491,DEENES,solar,85.0,False,53.6475064,-6.4407825,53.6,-6.4,+053.60_-0006.40
15112-1,15112,W_GLANRUDDER,1511,CLOGHBOOLA,wind,12.0,False,52.3305984,-9.4380864,52.300000000000004,-9.4,+052.30_-0009.40
15171-TW,15171,W_CLOGHBOOLA,1511,CLOGHBOOLA,wind,46.0,False,52.3305984,-9.4380864,52.300000000000004,-9.4,+052.30_-0009.40
15172-DW,15172,W_CLOGHANALE,1511,CLOGHBOOLA,wind,12.55,False,52.3305984,-9.4380864,52.300000000000004,-9.4,+052.30_-0009.40
15174-DW,15174,W_GLANRUDDER,1511,CLOGHBOOLA,wind,20.0,False,52.3305984,-9.4380864,52.300000000000004,-9.4,+052.30_-0009.40
15175-1,15175,W_GLANTAUNYA,1511,CLOGHBOOLA,wind,9.999,False,52.3305984,-9.4380864,52.300000000000004,-9.4,+052.30_-0009.40
15271-1,15271,W_MOANVANE,1521,,wind,56.4,False,,,,,
15472-1,15472,BS_GOREY BAT,1541,BANOGE,biomass,9.0,False,52.6502648,-6.2725523,52.7,-6.300000000000001,+052.70_-0006.30
15473-1,15473,PV_GOREY PV,1541,BANOGE,solar,4.0,False,52.6502648,-6.2725523,52.7,-6.300000000000001,+052.70_-0006.30
15571-1,15571,W_ESK,1551,BOGGERAGH,wind,5.4,False,52.0384891,-8.9086408,52.0,-8.9,+052.00_-0008.90
15571-2,15571,W_ESK,1551,BOGGERAGH,wind,12.0,False,52.0384891,-8.9086408,52.0,-8.9,+052.00_-0008.90
15571-DW,15571,W_ESK,1551,BOGGERAGH,wind,5.95,False,52.0384891,-8.9086408,52.0,-8.9,+052.00_-0008.90
15572-1,15572,W_BOGGERAGH_,1551,BOGGERAGH,wind,65.7,False,52.0384891,-8.9086408,52.0,-8.9,+052.00_-0008.90
15573-1,15573,W_CARRIGCA,1551,BOGGERAGH,wind,20.0,False,52.0384891,-8.9086408,52.0,-8.9,+052.00_-0008.90
15574-1,15574,W_BOGGERAG,1551,BOGGERAGH,wind,57.0,False,52.0384891,-8.9086408,52.0,-8.9,+052.00_-0008.90
15771-1,15771,W_CRONALAGHT,1571,ARDNAGAPPARY,wind,1.98,False,55.0566404,-8.2688178,55.1,-8.3,+055.10_-0008.30
15772-1,15772,W_CRONALAGHT,1571,ARDNAGAPPARY,wind,3.0,False,55.0566404,-8.2688178,55.1,-8.3,+055.10_-0008.30
16371-1,16371,W_CARANNE_HI,1631,CORDERRY,wind,3.4,False,54.1988681,-8.197639,54.2,-8.200000000000001,+054.20_-0008.20
16372-2,16372,W_BLACK_BANK,1631,CORDERRY,wind,3.4,False,54.1988681,-8.197639,54.2,-8.200000000000001,+054.20_-0008.20
16373-3,16373,W_BLACK_BANK,1631,CORDERRY,wind,6.8,False,54.1988681,-8.197639,54.2,-8.200000000000001,+054.20_-0008.20
16374-4,16374,W_ALTAGOWLAN,1631,CORDERRY,wind,7.65,False,54.1988681,-8.197639,54.2,-8.200000000000001,+054.20_-0008.20
16375-1,16375,W_MONEENATIE,1631,CORDERRY,wind,3.96,False,54.1988681,-8.197639,54.2,-8.200000000000001,+054.20_-0008.20
16376-6,16376,W_GEEVAGH,1631,CORDERRY,wind,4.95,False,54.1988681,-8.197639,54.2,-8.200000000000001,+054.20_-0008.20
16377-1,16377,W_TULLYNAMOY,1631,CORDERRY,wind,9.0,False,54.1988681,-8.197639,54.2,-8.200000000000001,+054.20_-0008.20
16378-1,16378,W_CARANNE_HI,1631,CORDERRY,wind,1.598,False,54.1988681,-8.197639,54.2,-8.200000000000001,+054.20_-0008.20
16379-2,16379,W_MONEENATIE,1631,CORDERRY,wind,0.29,False,54.1988681,-8.197639,54.2,-8.200000000000001,+054.20_-0008.20
16382-1,16382,W_TULLYNAMOY,1631,CORDERRY,wind,10.225,False,54.1988681,-8.197639,54.2,-8.200000000000001,+054.20_-0008.20
16392-1,16392,W_TULLYNAMOY,1631,CORDERRY,wind,11.98,False,54.1988681,-8.197639,54.2,-8.200000000000001,+054.20_-0008.20
16571-1,16571,W_CLAHANE,1651,CLAHANE,wind,37.8,False,52.3787738,-9.548026,52.400000000000006,-9.5,+052.40_-0009.50
16572-1,16572,PV_BANEMORE,1651,CLAHANE,solar,34.0,False,52.3787738,-9.548026,52.400000000000006,-9.5,+052.40_-0009.50
16670-1,16670,W_LENENEVEA_,1661,CASTLEBAR,wind,4.65,False,53.8665266,-9.2692746,53.900000000000006,-9.3,+053.90_-0009.30
16671-1,16671,W_CUILLALEA1,1661,CASTLEBAR,wind,3.4,False,53.8665266,-9.2692746,53.900000000000006,-9.3,+053.90_-0009.30
16672-2,16672,W_CUILLALEA2,1661,CASTLEBAR,wind,1.59,False,53.8665266,-9.2692746,53.900000000000006,-9.3,+053.90_-0009.30
16674-1,16674,W_RAHEEN_BAR,1661,CASTLEBAR,wind,18.7,False,53.8665266,-9.2692746,53.900000000000006,-9.3,+053.90_-0009.30
16675-2,16675,W_RAHEEN_BAR,1661,CASTLEBAR,wind,8.5,False,53.8665266,-9.2692746,53.900000000000006,-9.3,+053.90_-0009.30
16676-1,16676,W_LENANAVEA_,1661,CASTLEBAR,wind,6.8,False,53.8665266,-9.2692746,53.900000000000006,-9.3,+053.90_-0009.30
16679-3,16679,W_LENENEVA_3,1661,CASTLEBAR,wind,6.8,False,53.8665266,-9.2692746,53.900000000000006,-9.3,+053.90_-0009.30
16771-1,16771,W_BS_CLONCRE,1671,KILCUMBER,wind,75.0,False,53.2901576,-7.092703,53.300000000000004,-7.1000000000000005,+053.30_-0007.10
16771-2,16771,W_BS_CLONCRE,1671,KILCUMBER,wind,25.0,False,53.2901576,-7.092703,53.300000000000004,-7.1000000000000005,+053.30_-0007.10
16873-3,16873,HY_CDRDG3,1681,CARRIGADROHI,hydro,8.0,True,51.8978487,-8.8633008,51.900000000000006,-8.9,+051.90_-0008.90
17073-3,17073,HY_CATHG3,1701,CATH_FALL,hydro,22.5,True,54.4987533,-8.1769822,54.5,-8.200000000000001,+054.50_-0008.20
17074-4,17074,HY_CATHG4,17010,CATH FALL,hydro,23.0,True,54.4987533,-8.1769822,54.5,-8.200000000000001,+054.50_-0008.20
17075-7,17075,W_ANARGET,1341,BINBANE,wind,1.98,False,54.7189369,-8.2634291,54.7,-8.3,+054.70_-0008.30
17077-8,17077,W_ANARGET,1341,BINBANE,wind,0.02,False,54.7189369,-8.2634291,54.7,-8.3,+054.70_-0008.30
17671-1,17671,HY_CLIFG1,1761,CLIFF,hydro,10.0,True,54.4875201,-8.1042024,54.5,-8.1,+054.50_-0008.10
17672-2,17672,HY_CLIFG2,1761,CLIFF,hydro,10.0,True,54.4875201,-8.1042024,54.5,-8.1,+054.50_-0008.10
18271-DW,18271,W_CLOONLUSK,1821,CLOON,wind,4.25,False,53.4834794,-8.8482757,53.5,-8.8,+053.50_-0008.80
18372-1,18372,W_ROSSAVEEL,1831,SCREEB,wind,3.0,False,53.3804345,-9.5853139,53.400000000000006,-9.600000000000001,+053.40_-0009.60
18471-1,18471,W_GREENOGE,1841,CRANE,wind,4.99,False,52.5323772,-6.5144397,52.5,-6.5,+052.50_-0006.50
18472-DW,18472,W_KILBRANISH,1841,CRANE,wind,2.5,False,52.5323772,-6.5144397,52.5,-6.5,+052.50_-0006.50
18474-1,18474,BS_AVONBEG B,1841,CRANE,biomass,16.0,False,52.5323772,-6.5144397,52.5,-6.5,+052.50_-0006.50
18476-1,18476,PV_MACALLIAN,1841,CRANE,solar,5.0,False,52.5323772,-6.5144397,52.5,-6.5,+052.50_-0006.50
19081-1,19081,W_CRONELEA,1901,CARLOW,wind,2.55,False,52.8325066,-6.8445771,52.800000000000004,-6.800000000000001,+052.80_-0006.80
19082-2,19082,W_CRONELEA,1901,CARLOW,wind,1.7,False,52.8325066,-6.8445771,52.800000000000004,-6.800000000000001,+052.80_-0006.80
19083-1,19083,W_CRONELEA,1901,CARLOW,wind,4.99,False,52.8325066,-6.8445771,52.800000000000004,-6.800000000000001,+052.80_-0006.80
19084-2,19084,W_CRONELEA,1901,CARLOW,wind,4.5,False,52.8325066,-6.8445771,52.800000000000004,-6.800000000000001,+052.80_-0006.80
19085-1,19085,W_GORTAHIL,1901,CARLOW,wind,21.0,False,52.8325066,-6.8445771,52.800000000000004,-6.800000000000001,+052.80_-0006.80
19317-XX,19317,CUNG_SCOM,1931,CUNGHILL,unknown,0.0,True,54.1111523,-8.6491987,54.1,-8.6,+054.10_-0008.60
19371-1,19371,W_KINGSMOUNT,1931,CUNGHILL,wind,23.75,False,54.1111523,-8.6491987,54.1,-8.6,+054.10_-0008.60
19372-2,19372,W_KINGSMOUNT,1931,CUNGHILL,wind,11.05,False,54.1111523,-8.6491987,54.1,-8.6,+054.10_-0008.60
19471-1,19471,CUSHALING,1941,CUSHALING,unknown,122.5,True,53.2891013,-7.0847828,53.300000000000004,-7.1000000000000005,+053.30_-0007.10
19472-5,19472,EDENDERRY_PO,1941,CUSHALING,unknown,58.274,False,53.2891013,-7.0847828,53.300000000000004,-7.1000000000000005,+053.30_-0007.10
19473-3,19473,EDENDERRY_PO,1941,CUSHALING,unknown,58.274,False,53.2891013,-7.0847828,53.300000000000004,-7.1000000000000005,+053.30_-0007.10
19602-2,19602,BIO_HOFFMAN,1961,CASTLEVIEW,unknown,2.0,False,51.9009511,-8.3704585,51.900000000000006,-8.4,+051.90_-0008.40
19771-1,19771,W_COOMAGEARL,1971,COOMAGEARLAH,wind,42.5,False,51.9385387,-9.311485,51.900000000000006,-9.3,+051.90_-0009.30
19772-TW,19772,W_COOMAGEARL,1971,COOMAGEARLAH,wind,8.5,False,51.9385387,-9.311485,51.900000000000006,-9.3,+051.90_-0009.30
19773-TW,19773,W_COOMAGE_PH,1971,COOMAGEARLAH,wind,30.0,False,51.9385387,-9.311485,51.900000000000006,-9.3,+051.90_-0009.30
19971-1,19971,W_CASTLEDOCK,1991,CASTLEDOCKRE,wind,20.0,False,52.5904745,-6.6343018,52.6,-6.6000000000000005,+052.60_-0006.60
19972-2,19972,W_CASTLEDOCK,1991,CASTLEDOCKRE,wind,2.0,False,52.5904745,-6.6343018,52.6,-6.6000000000000005,+052.60_-0006.60
19973-3,19973,W_CASTLEDOCK,1991,CASTLEDOCKRE,wind,3.3,False,52.5904745,-6.6343018,52.6,-6.6000000000000005,+052.60_-0006.60
19974-4,19974,W_CASTLEDOCK,1991,CASTLEDOCKRE,wind,16.1,False,52.5904745,-6.6343018,52.6,-6.6000000000000005,+052.60_-0006.60
20401-1,20401,CORDUFF_FLEX,2041,CORDUFF,unknown,63.5,False,53.4193712,-6.3649353,53.400000000000006,-6.4,+053.40_-0006.40
20771-1,20771,KILSHANE,2072,CRUISERATH,unknown,274.0,True,53.4146281,-6.3817801,53.400000000000006,-6.4,+053.40_-0006.40
21071-2,21071,W_DUNDALK,2101,DUNDALK,wind,0.5,False,54.0053368,-6.4237884,54.0,-6.4,+054.00_-0006.40
21272-1,21272,PV_FIRGROVE,2121,DRUMLINE,solar,4.0,False,52.7239924,-8.8613742,52.7,-8.9,+052.70_-0008.90
21273-1,21273,PV_CLONLOGHA,2121,DRUMLINE,solar,8.0,False,52.7239924,-8.8613742,52.7,-8.9,+052.70_-0008.90
21371-TW,21371,W_DROMADA,2131,DROMADA,wind,28.5,False,52.4434711,-9.2344983,52.400000000000006,-9.200000000000001,+052.40_-0009.20
21791-1,21791,W_KNOCKALOUG,2171,KNOCKALOUGH,wind,33.6,False,53.3058138,-9.2491169,53.300000000000004,-9.200000000000001,+053.30_-0009.20
21871-1,21871,W_DUNMORE,2181,DRYBRIDGE,wind,1.7,False,53.7247696,-6.4010215,53.7,-6.4,+053.70_-0006.40
21872-2,21872,W_DUNMORE,2181,DRYBRIDGE,wind,1.8,False,53.7247696,-6.4010215,53.7,-6.4,+053.70_-0006.40
21873-1,21873,WHITERIVER,2181,DRYBRIDGE,unknown,1.274,False,53.7247696,-6.4010215,53.7,-6.4,+053.70_-0006.40
21874-1,21874,W_BURTONSTOW,2181,DRYBRIDGE,wind,0.15,False,53.7247696,-6.4010215,53.7,-6.4,+053.70_-0006.40
22272-DW,22272,W_KILVEENOGE,2225,DUNMANWAY,wind,17.0,False,51.7232312,-9.0897487,51.7,-9.1,+051.70_-0009.10
22273-DW,22273,W_REENASCREE,2221,DUNMANWAY,wind,4.5,False,51.7232312,-9.0897487,51.7,-9.1,+051.70_-0009.10
22274-2,22274,W_MILANEH,1281,BALLYLICKEY,wind,5.94,False,51.7239932,-9.4296621,51.7,-9.4,+051.70_-0009.40
22275-4,22275,W_LAHANAGH,2221,DUNMANWAY,wind,4.25,False,51.7232312,-9.0897487,51.7,-9.1,+051.70_-0009.10
22276-3,22276,W_COOMATAL,2225,DUNMANWAY,wind,5.95,False,51.7232312,-9.0897487,51.7,-9.1,+051.70_-0009.10
22278-1,22278,W_CURRABWEE,2221,DUNMANWAY,wind,4.62,False,51.7232312,-9.0897487,51.7,-9.1,+051.70_-0009.10
22279-1,22279,W_KNOCKEENBU,2221,DUNMANWAY,wind,13.8,False,51.7232312,-9.0897487,51.7,-9.1,+051.70_-0009.10
22292-5,22292,BIO_BALINEEN,2221,DUNMANWAY,unknown,6.0,False,51.7232312,-9.0897487,51.7,-9.1,+051.70_-0009.10
22371-1,22371,W_DERRYBRIEN,2231,,wind,59.5,False,,,,,
22471-1,22471,W_CARRIG,2241,DALLOW,wind,2.55,False,53.1259869,-7.928076,53.1,-7.9,+053.10_-0007.90
22472-2,22472,W_SKEHANAG,2241,DALLOW,wind,4.25,False,53.1259869,-7.928076,53.1,-7.9,+053.10_-0007.90
22473-1,22473,W_LEABEG,2241,DALLOW,wind,4.25,False,53.1259869,-7.928076,53.1,-7.9,+053.10_-0007.90
22474-1,22474,W_MEENWAUN,2241,DALLOW,wind,9.99,False,53.1259869,-7.928076,53.1,-7.9,+053.10_-0007.90
22671-1,22671,DERRYIRON_G1,22610,DERRYIRON,unknown,52.1,False,53.3581344,-7.2138473,53.400000000000006,-7.2,+053.40_-0007.20
22672-2,22672,DERRYIRON_G2,22610,DERRYIRON,unknown,52.1,False,53.3581344,-7.2138473,53.400000000000006,-7.2,+053.40_-0007.20
22871-1,22871,W_MACEUPP,22811,,wind,2.55,False,,,,,
22872-1,22872,W_MAGHERAMOR,2281,,wind,40.8,False,,,,,
22873-1,22873,BS_CARROWBEG,22811,,biomass,12.0,False,,,,,
23071-1,23071,PV_HORTLAND,2301,DUNFIRTH,solar,14.0,False,53.3880882,-6.8293304,53.400000000000006,-6.800000000000001,+053.40_-0006.80
23682-1,23682,W_BOOLONARUD,23610,SLIEVECALLAN,wind,45.515,False,52.8288117,-9.2836999,52.800000000000004,-9.3,+052.80_-0009.30
23692-TW,23692,W_KNOCKALASS,23610,SLIEVECALLAN,wind,26.875,False,52.8288117,-9.2836999,52.800000000000004,-9.3,+052.80_-0009.30
25605-1,25605,FINGLAS,2571,FIN_RURAL,unknown,1.6,False,53.4055029,-6.3149241,53.400000000000006,-6.300000000000001,+053.40_-0006.30
25674-1,25674,TEG HUNTSTOW,25674,HUNTSTOW,unknown,50.0,False,53.4124627,-6.3257744,53.400000000000006,-6.300000000000001,+053.40_-0006.30
26732-1,26732,W_DERRYSALLA,2671,GARVAGH,wind,34.0,False,54.1504588,-8.1924874,54.2,-8.200000000000001,+054.20_-0008.20
26771-1,26771,W_GAR_GLEBE_,2671,GARVAGH,wind,26.0,False,54.1504588,-8.1924874,54.2,-8.200000000000001,+054.20_-0008.20
26773-1,26773,W_GAR_TULLIN,2671,GARVAGH,wind,22.0,False,54.1504588,-8.1924874,54.2,-8.200000000000001,+054.20_-0008.20
26971-1,26971,PV_GILLINSTO,2691,GARBALLAGH,solar,95.0,False,53.6572305,-6.4586834,53.7,-6.5,+053.70_-0006.50
27071-1,27071,W_COUNTRY_CR,2701,GLASMORE,wind,0.5,False,53.4677716,-6.2384064,53.5,-6.2,+053.50_-0006.20
27205-5,27205,HY_GRIFFINR,2721,GRIFFINRATH,hydro,4.0,False,53.3435573,-6.5644585,53.300000000000004,-6.6000000000000005,+053.30_-0006.60
27361-XX,27361,GAE_SCOM,2731,GLANLEE,unknown,0.0,True,51.925463,-9.3067693,51.900000000000006,-9.3,+051.90_-0009.30
27371-1,27371,W_GLANLEE,2731,GLANLEE,wind,12.8,False,51.925463,-9.3067693,51.900000000000006,-9.3,+051.90_-0009.30
27372-2,27372,W_GLANLEE,2731,GLANLEE,wind,17.0,False,51.925463,-9.3067693,51.900000000000006,-9.3,+051.90_-0009.30
27474-1,27474,GI CCGT,2742,GREAT ISLAND,gas,464.5,True,52.2815845,-6.99172,52.300000000000004,-7.0,+052.30_-0007.00
27475-1,27475,PV_BALLYCULL,2741,GREAT ISLAND,solar,4.99,False,52.2815845,-6.99172,52.300000000000004,-7.0,+052.30_-0007.00
27771-1,27771,W_COOMACHEO,2771,GARROW,wind,41.225,False,52.0026938,-9.131237,52.0,-9.1,+052.00_-0009.10
27772-2,27772,W_CAHERDOWNE,2771,GARROW,wind,10.0,False,52.0026938,-9.131237,52.0,-9.1,+052.00_-0009.10
27773-3,27773,W_CLYDAGHROE,2771,GARROW,wind,4.99,False,52.0026938,-9.131237,52.0,-9.1,+052.00_-0009.10
27774-4,27774,W_COOMACHEO_,2771,GARROW,wind,18.0,False,52.0026938,-9.131237,52.0,-9.1,+052.00_-0009.10
27971-1,27971,PV_GALLANSTO,2791,GALLANSTOWN,solar,119.0,False,53.450696,-6.3653809,53.5,-6.4,+053.50_-0006.40
28071-1,28071,W_BS_GOLAGH,2801,GOLAGH,wind,12.0,False,54.6871253,-7.9351078,54.7,-7.9,+054.70_-0007.90
28071-2,28071,W_BS_GOLAGH,2801,GOLAGH,wind,3.0,False,54.6871253,-7.9351078,54.7,-7.9,+054.70_-0007.90
28271-1,28271,W_CORNEEN,2821,GORTAWEE,wind,3.0,False,54.1291946,-7.5811846,54.1,-7.6000000000000005,+054.10_-0007.60
28471-1,28471,BS_GORMAN BE,28411,GORMAN,biomass,50.0,False,53.7009328,-6.6442071,53.7,-6.6000000000000005,+053.70_-0006.60
28571-1,28571,WHITEGATE,2852,GLANAGOW,unknown,444.0,True,51.8150801,-8.2496363,51.800000000000004,-8.200000000000001,+051.80_-0008.20
28814-2,28814,W_HEMSBROOK,28810,GLENLARA,wind,13.8,False,52.2053487,-9.023808,52.2,-9.0,+052.20_-0009.00
28872-1,28872,W_DROMDEEVEE,28810,GLENLARA,wind,10.5,False,52.2053487,-9.023808,52.2,-9.0,+052.20_-0009.00
28873-DW,28873,W_DROMDEVEEN,28810,GLENLARA,wind,16.5,False,52.2053487,-9.023808,52.2,-9.0,+052.20_-0009.00
28874-1,28874,W_TAURBEG,2881,GLENLARA,wind,26.0,False,52.2053487,-9.023808,52.2,-9.0,+052.20_-0009.00
29671-ST,29671,HUNT_ST,2962,HUNTSTOWN,unknown,123.0,True,53.4109851,-6.3249285,53.400000000000006,-6.300000000000001,+053.40_-0006.30
29672-CT,29672,HUNT_CT,2962,HUNTSTOWN,unknown,229.2,True,53.4109851,-6.3249285,53.400000000000006,-6.300000000000001,+053.40_-0006.30
29673-2,29673,BS_HUNTSTOWN,2972,,biomass,400.0,True,,,,,
30671-1,30671,HY_INISG1,3061,INISCARRA,hydro,15.0,True,51.9017859,-8.661073,51.900000000000006,-8.700000000000001,+051.90_-0008.70
30671-2,30671,HY_INISG1,3061,INISCARRA,hydro,4.0,False,51.9017859,-8.661073,51.900000000000006,-8.700000000000001,+051.90_-0008.70
30871-1,30871,BS_KYLEMORE,3081,INCH_CITY,biomass,30.0,False,53.3337774,-6.3391212,53.300000000000004,-6.300000000000001,+053.30_-0006.30
31271-1,31271,DUBLIN_BAY_P,3122,IRISHTOWN,unknown,403.9,True,53.3400724,-6.2019353,53.300000000000004,-6.2,+053.30_-0006.20
31272-1,31272,BS_SOUTHWALL,3122,IRISHTOWN,biomass,30.0,False,53.3400724,-6.2019353,53.300000000000004,-6.2,+053.30_-0006.20
31273-1,31273,RINGSEND FLE,3122,IRISHTOWN,unknown,63.5,False,53.3400724,-6.2019353,53.300000000000004,-6.2,+053.30_-0006.20
32271-1,32271,W_PLUCKANE,3221,KILBARRY,wind,0.85,False,51.9224604,-8.4769397,51.900000000000006,-8.5,+051.90_-0008.50
32272-1,32272,PV_COOLYDUFF,3221,KILBARRY,solar,4.95,False,51.9224604,-8.4769397,51.900000000000006,-8.5,+051.90_-0008.50
32405-1,32405,KILTEEL,3241,KILTEEL,unknown,9.77,False,53.2465815,-6.5400403,53.2,-6.5,+053.20_-0006.50
32472-1,32472,BS_PORTERSTO,3241,KILTEEL,biomass,30.0,False,53.2465815,-6.5400403,53.2,-6.5,+053.20_-0006.50
32508-1,32508,W_KNOCKNAGOU,3251,REAMORE,wind,42.55,False,52.302124,-9.5436255,52.300000000000004,-9.5,+052.30_-0009.50
32508-XX,32508,W_KNOCKNAGOU,3251,REAMORE,wind,0.0,True,52.302124,-9.5436255,52.300000000000004,-9.5,+052.30_-0009.50
32576-8,32576,W_MUINGNAMIN,3251,REAMORE,wind,11.2,False,52.302124,-9.5436255,52.300000000000004,-9.5,+052.30_-0009.50
32577-1,32577,W_MUINGNAMIN,3251,REAMORE,wind,4.1,False,52.302124,-9.5436255,52.300000000000004,-9.5,+052.30_-0009.50
33071-DW,33071,W_WEDCROSS,3301,KNOCKEARAGH,wind,4.5,False,52.0764652,-9.4387403,52.1,-9.4,+052.10_-0009.40
33072-1,33072,W_GNEEVES,3301,KNOCKEARAGH,wind,9.35,False,52.0764652,-9.4387403,52.1,-9.4,+052.10_-0009.40
33074-1,33074,PV_MADAMS HI,3301,KNOCKEARAGH,solar,8.99,False,52.0764652,-9.4387403,52.1,-9.4,+052.10_-0009.40
33361-XX,33361,STATCOM BALL,3331,BALLYNAHULLA,unknown,0.0,True,52.1738656,-9.2611456,52.2,-9.3,+052.20_-0009.30
33971-TW,33971,W_KNOCKACU,3391,KNOCKACUMMER,wind,105.0,False,52.2595355,-9.1006362,52.300000000000004,-9.1,+052.30_-0009.10
34803-1,34803,KELWIN,3481,,unknown,2.0,False,,,,,
34871-1,34871,BS_KELWIN,3481,,biomass,27.0,False,,,,,
34872-1,34872,W_KELWIN P3,3481,,wind,37.0,False,,,,,
34971-1,34971,W_LISLEA,3491,,wind,48.9,False,,,,,
35071-1,35071,W_SKRINE,3501,,wind,4.6,False,,,,,
35171-1,35171,W_LICKNY,3511,,wind,88.0,False,,,,,
35171-2,35171,W_LICKNY,3511,,wind,9.5,False,,,,,
35371-1,35371,PV_LYSAGHTST,3531,LYSAGHTSTOWN,solar,87.0,False,51.935749,-8.2307526,51.900000000000006,-8.200000000000001,+051.90_-0008.20
35671-1,35671,BS_LISDRINDO,35611,LISDRUMDOAGH,biomass,60.0,False,54.2443142,-6.9122464,54.2,-6.9,+054.20_-0006.90
35771-1,35771,BS_DERRYCARN,3571,DERRYCARNEY,biomass,100.0,False,53.2271141,-7.7961871,53.2,-7.800000000000001,+053.20_-0007.80
35772-1,35772,W_CLOGHAN,3571,DERRYCARNEY,wind,34.0,False,53.2271141,-7.7961871,53.2,-7.800000000000001,+053.20_-0007.80
35871-1,35871,W_MEENANIL,3581,LETTERKENNY,wind,2.55,False,54.9241287,-7.6977545,54.900000000000006,-7.7,+054.90_-0007.70
35872-2,35872,W_MEENANIL,3581,LETTERKENNY,wind,2.45,False,54.9241287,-7.6977545,54.900000000000006,-7.7,+054.90_-0007.70
35873-3,35873,W_MEENANIL,3581,LETTERKENNY,wind,3.4,False,54.9241287,-7.6977545,54.900000000000006,-7.7,+054.90_-0007.70
35875-1,35875,W_CARK(1),3581,LETTERKENNY,wind,15.0,False,54.9241287,-7.6977545,54.900000000000006,-7.7,+054.90_-0007.70
35876-3,35876,W_CULLIAGH,3581,LETTERKENNY,wind,11.88,False,54.9241287,-7.6977545,54.900000000000006,-7.7,+054.90_-0007.70
35877-6,35877,W_LURGANBO,3581,LETTERKENNY,wind,4.99,False,54.9241287,-7.6977545,54.900000000000006,-7.7,+054.90_-0007.70
35971-1,35971,W_LENALEA,3591,LENALEA,wind,30.5,False,54.9028813,-7.8642829,54.900000000000006,-7.9,+054.90_-0007.90
36271-1,36271,W_LISH-1,36210,LISHEEN,wind,36.0,False,52.7513555,-7.6819128,52.800000000000004,-7.7,+052.80_-0007.70
36272-2,36272,W_LISH-1A,36210,LISHEEN,wind,23.0,False,52.7513555,-7.6819128,52.800000000000004,-7.7,+052.80_-0007.70
36273-1,36273,W_LISHEEN,3621,LISHEEN,wind,28.8,False,52.7513555,-7.6819128,52.800000000000004,-7.7,+052.80_-0007.70
36471-1,36471,W_BALLYCA_20,36411,CRORY,wind,14.45,False,52.579165,-6.5358105,52.6,-6.5,+052.60_-0006.50
36472-1,36472,W_BALLYNANCO,36411,CRORY,wind,4.0,False,52.579165,-6.5358105,52.6,-6.5,+052.60_-0006.50
36473-1,36473,W_KNOCKNALOU,36411,CRORY,wind,5.0,False,52.579165,-6.5358105,52.6,-6.5,+052.60_-0006.50
36474-1,36474,W_BALLAMAN,36411,CRORY,wind,3.6,False,52.579165,-6.5358105,52.6,-6.5,+052.60_-0006.50
36475-1,36475,W_BALLYDUFF,36411,CRORY,wind,4.0,False,52.579165,-6.5358105,52.6,-6.5,+052.60_-0006.50
36476-1,36476,W_GILBBET_HI,36411,CRORY,wind,14.8,False,52.579165,-6.5358105,52.6,-6.5,+052.60_-0006.50
36671-1,36671,GREENLINK,36671,GREENLINK,unknown,504.0,False,52.2816555,-6.9856001,52.300000000000004,-7.0,+052.30_-0007.00
38071-1,38071,W_CROCANE,3801,MIDLETON,wind,1.7,False,51.9376618,-8.1872013,51.900000000000006,-8.200000000000001,+051.90_-0008.20
38074-1,38074,PV_LURRIG SO,3801,MIDLETON,solar,3.6,False,51.9376618,-8.1872013,51.900000000000006,-8.200000000000001,+051.90_-0008.20
38074-2,38074,PV_LURRIG SO,3801,MIDLETON,solar,0.34,False,51.9376618,-8.1872013,51.900000000000006,-8.200000000000001,+051.90_-0008.20
38244-1,38244,BAILIEBORO,3821,MEATH HILL,unknown,1.0,False,53.8911239,-6.7310796,53.900000000000006,-6.7,+053.90_-0006.70
38271-1,38271,W_GARTNANE,3821,MEATH HILL,wind,10.5,False,53.8911239,-6.7310796,53.900000000000006,-6.7,+053.90_-0006.70
38272-2,38272,W_GARTNANE,3821,MEATH HILL,wind,4.5,False,53.8911239,-6.7310796,53.900000000000006,-6.7,+053.90_-0006.70
38273-1,38273,W_MULLANAN,3821,MEATH HILL,wind,7.5,False,53.8911239,-6.7310796,53.900000000000006,-6.7,+053.90_-0006.70
38274-1,38274,BIO_BAILLE F,3821,MEATH HILL,unknown,3.9,True,53.8911239,-6.7310796,53.900000000000006,-6.7,+053.90_-0006.70
38870-1,38870,W_BAWNMORE,3881,MACROOM,wind,24.0,False,51.8957884,-8.8921962,51.900000000000006,-8.9,+051.90_-0008.90
38872-1,38872,PV_KNOCKGLAS,3881,MACROOM,solar,4.0,False,51.8957884,-8.8921962,51.900000000000006,-8.9,+051.90_-0008.90
39471-1,39471,MNYPG1,3934,MNYPG1,unknown,234.0,True,52.6103965,-9.4216875,52.6,-9.4,+052.60_-0009.40
39472-2,39472,MNYPG2-P,3954,MNYPG2,unknown,234.0,True,52.6103965,-9.4216875,52.6,-9.4,+052.60_-0009.40
39472-SC,39472,MNYPG2-P,3954,MNYPG2,unknown,0.0,True,52.6103965,-9.4216875,52.6,-9.4,+052.60_-0009.40
39473-3,39473,MNYPG3,3944,MONEYPOINT,unknown,234.0,True,52.6103965,-9.4216875,52.6,-9.4,+052.60_-0009.40
39474-4,39474,W_MONEYPOINT,3941,MONEYPOINT,wind,17.25,False,52.6103965,-9.4216875,52.6,-9.4,+052.60_-0009.40
40014-1,40014,PV_TULLYNALL,4001,MULLINGAR,solar,4.0,False,53.5383686,-7.3716668,53.5,-7.4,+053.50_-0007.40
40471-1,40471,W_LACKAN,4041,MOY,wind,6.0,False,54.1232614,-9.1879038,54.1,-9.200000000000001,+054.10_-0009.20
40771-1,40771,W_MEENTYCAT,4071,MEENTYCAT,wind,52.9,False,54.8676656,-7.842446,54.900000000000006,-7.800000000000001,+054.90_-0007.80
40772-2,40772,W_MEENTYCAT,4071,MEENTYCAT,wind,18.06,False,54.8676656,-7.842446,54.900000000000006,-7.800000000000001,+054.90_-0007.80
40773-3,40773,W_MEENTYCAT,4071,MEENTYCAT,wind,14.0,False,54.8676656,-7.842446,54.900000000000006,-7.800000000000001,+054.90_-0007.80
40971-1,40971,W_MULREAVY,4091,MULREAVY,wind,82.0,False,54.6644867,-7.9692346,54.7,-8.0,+054.70_-0008.00
40972-2,40972,W_CROAGHNAME,4091,MULREAVY,wind,4.25,False,54.6644867,-7.9692346,54.7,-8.0,+054.70_-0008.00
40973-1,40973,W_MEENADREEN,4091,MULREAVY,wind,3.6,False,54.6644867,-7.9692346,54.7,-8.0,+054.70_-0008.00
42272-1,42272,PV_FRIARSPAR,4221,NAVAN,solar,4.0,False,53.6997602,-6.7064767,53.7,-6.7,+053.70_-0006.70
42471-1,42471,TEG_NWALL_1-,4242,NORTH WALL,unknown,31.24,True,53.3498314,-6.211276,53.300000000000004,-6.2,+053.30_-0006.20
42471-2,42471,TEG_NWALL_1-,4242,NORTH WALL,unknown,31.24,True,53.3498314,-6.211276,53.300000000000004,-6.2,+053.30_-0006.20
42471-3,42471,TEG_NWALL_1-,4242,NORTH WALL,unknown,31.24,True,53.3498314,-6.211276,53.300000000000004,-6.2,+053.30_-0006.20
42472-4,42472,TEG_NWALL_4-,4242,NORTH WALL,unknown,31.24,True,53.3498314,-6.211276,53.300000000000004,-6.2,+053.30_-0006.20
42472-5,42472,TEG_NWALL_4-,4242,NORTH WALL,unknown,31.24,True,53.3498314,-6.211276,53.300000000000004,-6.2,+053.30_-0006.20
42472-6,42472,TEG_NWALL_4-,4242,NORTH WALL,unknown,31.24,True,53.3498314,-6.211276,53.300000000000004,-6.2,+053.30_-0006.20
42672-2,42672,W_CURRAGHG,4261,NENAGH,wind,2.44,False,52.8610738,-8.1812103,52.900000000000006,-8.200000000000001,+052.90_-0008.20
42673-4,42673,W_TEMPLEDE,4261,NENAGH,wind,3.9,False,52.8610738,-8.1812103,52.900000000000006,-8.200000000000001,+052.90_-0008.20
42674-5,42674,W_CURRAGHGRA,4261,NENAGH,wind,2.55,False,52.8610738,-8.1812103,52.900000000000006,-8.200000000000001,+052.90_-0008.20
42675-1,42675,W_NENAGH,4261,NENAGH,wind,2.55,False,52.8610738,-8.1812103,52.900000000000006,-8.200000000000001,+052.90_-0008.20
42676-1,42676,W_NENAGH,4261,NENAGH,wind,2.55,False,52.8610738,-8.1812103,52.900000000000006,-8.200000000000001,+052.90_-0008.20
42871-1,42871,NANGOR,4281,NANGOR,unknown,8.0,True,53.3241021,-6.4356661,53.300000000000004,-6.4,+053.30_-0006.40
42872-1,42872,NANGOR,4281,NANGOR,unknown,5.4,True,53.3241021,-6.4356661,53.300000000000004,-6.4,+053.30_-0006.40
43671-DW,43671,W_KNOCKANEDE,4361,OUGHTRAGH,wind,9.0,False,52.136625,-9.6927788,52.1,-9.700000000000001,+052.10_-0009.70
43771-1,43771,W_BUNNYCONNE,4371,GLENREE,wind,28.0,False,54.1053454,-8.9893244,54.1,-9.0,+054.10_-0009.00
43774-2,43774,W_CARROWLEAG,4371,GLENREE,wind,34.15,False,54.1053454,-8.9893244,54.1,-9.0,+054.10_-0009.00
43971-1,43971,W_BS_PHILIPS,4391,PHILIPSTOWN,wind,50.0,False,53.2882569,-7.0878409,53.300000000000004,-7.1000000000000005,+053.30_-0007.10
43971-2,43971,W_BS_PHILIPS,4391,PHILIPSTOWN,wind,20.0,False,53.2882569,-7.0878409,53.300000000000004,-7.1000000000000005,+053.30_-0007.10
44071-1,44071,BIO_HUNTSTOW,4401,POPPINTREE,unknown,2.0,False,53.4059932,-6.2720237,53.400000000000006,-6.300000000000001,+053.40_-0006.30
44072-2,44072,BIO_HUNTSTOW,4401,POPPINTREE,unknown,2.0,False,53.4059932,-6.2720237,53.400000000000006,-6.300000000000001,+053.40_-0006.30
44471-1,44471,HY_POLLG1_4,4441,POLLAPHUCA,hydro,15.0,True,53.1208504,-6.5904682,53.1,-6.6000000000000005,+053.10_-0006.60
44471-2,44471,HY_POLLG1_4,4441,POLLAPHUCA,hydro,15.0,True,53.1208504,-6.5904682,53.1,-6.6000000000000005,+053.10_-0006.60
44471-4,44471,HY_POLLG1_4,4441,POLLAPHUCA,hydro,4.0,False,53.1208504,-6.5904682,53.1,-6.6000000000000005,+053.10_-0006.60
44703-1,44703,PBEGG_FLEX,4472,,unknown,63.5,False,,,,,
44772-1,44772,BS_PBEGG_BES,4472,,biomass,75.0,False,,,,,
44805-1,44805,BIO_PORTLAO,4481,,unknown,1.065,False,,,,,
46503-1,46503,DUBLIN_WASTE,6371,WHITEBANK,unknown,2.5,False,53.3398123,-6.1996317,53.300000000000004,-6.2,+053.30_-0006.20
46511-1,46511,DUBLIN_WASTE,6371,WHITEBANK,unknown,61.0,False,53.3398123,-6.1996317,53.300000000000004,-6.2,+053.30_-0006.20
46801-1,46801,PFIZER_ASKEA,4681,RATHKEALE,unknown,6.5,False,52.5436993,-8.9685536,52.5,-9.0,+052.50_-0009.00
46870-1,46870,W_CARRONS_1,4681,RATHKEALE,wind,4.99,False,52.5436993,-8.9685536,52.5,-9.0,+052.50_-0009.00
46873-1,46873,W_RATHCAHI,4681,RATHKEALE,wind,12.5,False,52.5436993,-8.9685536,52.5,-9.0,+052.50_-0009.00
46874-1,46874,W_GROUSEL,4681,RATHKEALE,wind,15.0,False,52.5436993,-8.9685536,52.5,-9.0,+052.50_-0009.00
47072-1,47072,PV_CLEGGILL,4701,RICHMOND,solar,8.0,False,53.743184,-7.857067,53.7,-7.9,+053.70_-0007.90
47871-1,47871,W_RATRUSSAN,4781,RATRUSSAN,wind,48.0,False,54.0013256,-7.1060697,54.0,-7.1000000000000005,+054.00_-0007.10
47872-2,47872,W_MOUNTAIN_L,4781,RATRUSSAN,wind,24.8,False,54.0013256,-7.1060697,54.0,-7.1000000000000005,+054.00_-0007.10
47873-3,47873,W_MOUNTAIN_L,4781,RATRUSSAN,wind,5.82,False,54.0013256,-7.1060697,54.0,-7.1000000000000005,+054.00_-0007.10
47971-1,47971,PV_RATHNASKI,4791,RATHNASKILLO,solar,95.0,False,52.1571371,-7.4519341,52.2,-7.5,+052.20_-0007.50
49451-1,49451,TEG SHANNONB,4941,SHANNONBRIDG,unknown,38.75,True,53.2710643,-8.0377635,53.300000000000004,-8.0,+053.30_-0008.00
49451-2,49451,TEG SHANNONB,4941,SHANNONBRIDG,unknown,38.75,True,53.2710643,-8.0377635,53.300000000000004,-8.0,+053.30_-0008.00
49452-5,49452,TEG SHANNONB,4941,SHANNONBRIDG,unknown,38.75,True,53.2710643,-8.0377635,53.300000000000004,-8.0,+053.30_-0008.00
49452-6,49452,TEG SHANNONB,4941,SHANNONBRIDG,unknown,38.75,True,53.2710643,-8.0377635,53.300000000000004,-8.0,+053.30_-0008.00
49453-3,49453,TEG SHANNONB,4941,SHANNONBRIDG,unknown,38.75,True,53.2710643,-8.0377635,53.300000000000004,-8.0,+053.30_-0008.00
49453-4,49453,TEG SHANNONB,4941,SHANNONBRIDG,unknown,38.75,True,53.2710643,-8.0377635,53.300000000000004,-8.0,+053.30_-0008.00
49454-7,49454,TEG SHANNONB,4941,SHANNONBRIDG,unknown,38.75,True,53.2710643,-8.0377635,53.300000000000004,-8.0,+053.30_-0008.00
49454-8,49454,TEG SHANNONB,4941,SHANNONBRIDG,unknown,38.75,True,53.2710643,-8.0377635,53.300000000000004,-8.0,+053.30_-0008.00
49471-1,49471,BS_SHANNONBR,4942,SHANNONBRIDG,biomass,100.0,False,53.2710643,-8.0377635,53.300000000000004,-8.0,+053.30_-0008.00
49472-1,49472,BS_SHANNONBR,4942,SHANNONBRIDG,biomass,63.2,False,53.2710643,-8.0377635,53.300000000000004,-8.0,+053.30_-0008.00
49571-1,49571,W_LEITIR_G,4951,SALTHILL,wind,21.0,False,53.2741041,-9.0793907,53.300000000000004,-9.1,+053.30_-0009.10
49572-1,49572,W_INVERIN,4951,SALTHILL,wind,3.3,False,53.2741041,-9.0793907,53.300000000000004,-9.1,+053.30_-0009.10
49605-1,49605,W_HY_SHANKIL,4961,SHANKILL,wind,0.7,False,53.9987866,-7.2988808,54.0,-7.300000000000001,+054.00_-0007.30
49605-2,49605,W_HY_SHANKIL,4961,SHANKILL,wind,3.017,False,53.9987866,-7.2988808,54.0,-7.300000000000001,+054.00_-0007.30
49608-1,49608,W_CARRICKALL,4961,SHANKILL,wind,22.0,False,53.9987866,-7.2988808,54.0,-7.300000000000001,+054.00_-0007.30
49672-2,49672,W_MOUNTAIN,4961,SHANKILL,wind,3.0,False,53.9987866,-7.2988808,54.0,-7.300000000000001,+054.00_-0007.30
49971-1,49971,W_SORNE_HILL,4991,SORNE HILL,wind,31.5,False,55.1313547,-7.3684232,55.1,-7.4,+055.10_-0007.40
49972-7,49972,W_SINGLE_TUR,4991,SORNE HILL,wind,2.3,False,55.1313547,-7.3684232,55.1,-7.4,+055.10_-0007.40
49973-2,49973,W_SORNE_HILL,4991,SORNE HILL,wind,7.4,False,55.1313547,-7.3684232,55.1,-7.4,+055.10_-0007.40
49974-6,49974,W_THREETR,4991,SORNE HILL,wind,4.25,False,55.1313547,-7.3684232,55.1,-7.4,+055.10_-0007.40
49975-4,49975,W_MEENKEER,4991,SORNE HILL,wind,4.2,False,55.1313547,-7.3684232,55.1,-7.4,+055.10_-0007.40
49976-3,49976,W_FLUGHLAND,4991,SORNE HILL,wind,9.2,False,55.1313547,-7.3684232,55.1,-7.4,+055.10_-0007.40
49977-1,49977,W_GLACKMORE_,4991,SORNE HILL,wind,0.6,False,55.1313547,-7.3684232,55.1,-7.4,+055.10_-0007.40
49978-2,49978,W_GLACKMORE_,4991,SORNE HILL,wind,1.4,False,55.1313547,-7.3684232,55.1,-7.4,+055.10_-0007.40
49979-3,49979,W_GLACKMORE_,4991,SORNE HILL,wind,0.3,False,55.1313547,-7.3684232,55.1,-7.4,+055.10_-0007.40
49992-1,49992,W_CORVIN,4991,SORNE HILL,wind,2.1,False,55.1313547,-7.3684232,55.1,-7.4,+055.10_-0007.40
50071-1,50071,W_SONNAGH,5001,SOMERSET,wind,7.65,False,53.2666198,-8.2305405,53.300000000000004,-8.200000000000001,+053.30_-0008.20
50274-14,50274,PBEGG4,5022,SHELLYBANKS,unknown,150.0,True,53.3393833,-6.1864314,53.300000000000004,-6.2,+053.30_-0006.20
50275-15,50275,PBEGG5,5122,SHELLYBANKS,unknown,150.0,True,53.3393833,-6.1864314,53.300000000000004,-6.2,+053.30_-0006.20
50276-16,50276,PBEGG6,5222,SHELLYBANKSB,unknown,163.188,True,53.3393833,-6.1864314,53.300000000000004,-6.2,+053.30_-0006.20
50371-1,50371,BS_GARDNERSH,5031,STEPHENSTOWN,biomass,8.5,False,53.6013247,-6.1895932,53.6,-6.2,+053.60_-0006.20
50573-3,50573,SEAL_ROCK,5071,,unknown,81.0,True,,,,,
50574-4,50574,SEAL_ROCK,5051,,unknown,81.0,True,,,,,
51475-1,51475,TEG TARB 5,5140,OLDPIER,unknown,48.0,True,52.5885022,-9.3662608,52.6,-9.4,+052.60_-0009.40
51476-1,51476,TEG TARB 6,5140,OLDPIER,unknown,48.0,True,52.5885022,-9.3662608,52.6,-9.4,+052.60_-0009.40
51477-1,51477,TEG TARB 7,5140,OLDPIER,unknown,48.0,False,52.5885022,-9.3662608,52.6,-9.4,+052.60_-0009.40
51771-CT,51771,TYNAGH,5172,TYNAGH,unknown,262.0,True,53.1671713,-8.3827087,53.2,-8.4,+053.20_-0008.40
51772-ST,51772,TYNAGH,5172,TYNAGH,unknown,142.0,True,53.1671713,-8.3827087,53.2,-8.4,+053.20_-0008.40
51971-1,51971,W_CROAGHONAG,51911,,wind,91.2,False,,,,,
51972-1,51972,W_CROAGHONAG,51911,,wind,48.0,False,,,,,
52071-1,52071,TURLG1,5202,TURLOUGH HIL,unknown,73.0,True,53.0439505,-6.4061441,53.0,-6.4,+053.00_-0006.40
52072-2,52072,TURLG2,5202,TURLOUGH HIL,unknown,73.0,True,53.0439505,-6.4061441,53.0,-6.4,+053.00_-0006.40
52073-3,52073,TURLG3,5202,TURLOUGH HIL,unknown,73.0,True,53.0439505,-6.4061441,53.0,-6.4,+053.00_-0006.40
52074-4,52074,TURLG4,5202,TURLOUGH HIL,unknown,73.0,True,53.0439505,-6.4061441,53.0,-6.4,+053.00_-0006.40
52171-1,52171,PV_TIMAHOE N,5211,TIMAHOE,solar,70.0,False,53.3500291,-6.8626861,53.400000000000006,-6.9,+053.40_-0006.90
52271-1,52271,W_MOANMORE,5221,TULLABRACK,wind,12.6,False,52.6730693,-9.4791123,52.7,-9.5,+052.70_-0009.50
52476-1,52476,TAW_PEAK,5241,TAWNAGHMORE,unknown,52.3,False,54.1918026,-9.2178772,54.2,-9.200000000000001,+054.20_-0009.20
52477-1,52477,TAW_PEAK,5251,,unknown,52.3,False,,,,,
52479-2,52479,BIO_MAYO_REN,5251,,unknown,49.0,False,,,,,
52671-1,52671,W_BEALEHI,5261,TRIEN,wind,1.65,False,52.4245772,-9.426115,52.400000000000006,-9.4,+052.40_-0009.40
52672-2,52672,W_BEALEHI,5261,TRIEN,wind,1.3,False,52.4245772,-9.426115,52.400000000000006,-9.4,+052.40_-0009.40
52673-2,52673,W_TOURNAFU,5261,TRIEN,wind,7.5,False,52.4245772,-9.426115,52.400000000000006,-9.4,+052.40_-0009.40
52675-1,52675,W_KNOCKAWA,52610,TRIEN,wind,6.6,False,52.4245772,-9.426115,52.400000000000006,-9.4,+052.40_-0009.40
52675-4,52675,W_KNOCKAWA,52610,TRIEN,wind,22.5,False,52.4245772,-9.426115,52.400000000000006,-9.4,+052.40_-0009.40
52676-3,52676,W_TOURNAFU,52610,TRIEN,wind,17.2,False,52.4245772,-9.426115,52.400000000000006,-9.4,+052.40_-0009.40
52677-2,52677,W_BEALE_HILL,5261,TRIEN,wind,2.55,False,52.4245772,-9.426115,52.400000000000006,-9.4,+052.40_-0009.40
52678-1,52678,PV_SHANACOOL,5261,TRIEN,solar,4.0,False,52.4245772,-9.426115,52.400000000000006,-9.4,+052.40_-0009.40
52700-1,52700,W_GARRACUMME,5271,CAUTEEN,wind,36.9,False,52.5375573,-8.1938573,52.5,-8.200000000000001,+052.50_-0008.20
52771-1,52771,W_CAPPAGH_WH,5274,CAUTEEN,wind,49.08,False,52.5375573,-8.1938573,52.5,-8.200000000000001,+052.50_-0008.20
52773-1,52773,W_GLENOUGH,5274,CAUTEEN,wind,33.0,False,52.5375573,-8.1938573,52.5,-8.200000000000001,+052.50_-0008.20
52778-5,52778,W_HOLYFORD,5271,CAUTEEN,wind,9.0,False,52.5375573,-8.1938573,52.5,-8.200000000000001,+052.50_-0008.20
52871-1,52871,W_TURSILLA,5281,TRALEE,wind,15.0,False,52.2890467,-9.6740021,52.300000000000004,-9.700000000000001,+052.30_-0009.70
52872-2,52872,W_TURSILLA,5281,TRALEE,wind,6.8,False,52.2890467,-9.6740021,52.300000000000004,-9.700000000000001,+052.30_-0009.70
52873-3,52873,W_BEENAGEE,5281,TRALEE,wind,3.96,False,52.2890467,-9.6740021,52.300000000000004,-9.700000000000001,+052.30_-0009.70
52875-5,52875,W_MOUNTEA,5281,TRALEE,wind,5.1,False,52.2890467,-9.6740021,52.300000000000004,-9.700000000000001,+052.30_-0009.70
52876-6,52876,W_MOUNTEA,5281,TRALEE,wind,1.7,False,52.2890467,-9.6740021,52.300000000000004,-9.700000000000001,+052.30_-0009.70
52878-1,52878,W_BALLINCOLL,5281,TRALEE,wind,15.0,False,52.2890467,-9.6740021,52.300000000000004,-9.700000000000001,+052.30_-0009.70
52971-1,52971,PV_TULLABEG,5291,TULLABEG,solar,50.0,False,52.6126135,-6.3827622,52.6,-6.4,+052.60_-0006.40
53071-XX,53071,THURLES STAT,5301,THURLES,unknown,0.0,True,52.6919962,-7.7642805,52.7,-7.800000000000001,+052.70_-0007.80
53471-1,53471,W_LARGANH,5341,TONROE,wind,5.94,False,53.9098451,-8.5725217,53.900000000000006,-8.6,+053.90_-0008.60
53472-1,53472,W_ROOSKY,5341,TONROE,wind,3.6,False,53.9098451,-8.5725217,53.900000000000006,-8.6,+053.90_-0008.60
53473-1,53473,W_GRADYJOINE,5341,TONROE,wind,2.5,False,53.9098451,-8.5725217,53.900000000000006,-8.6,+053.90_-0008.60
53474-1,53474,W_BIOCORE,5341,TONROE,wind,1.5,False,53.9098451,-8.5725217,53.900000000000006,-8.6,+053.90_-0008.60
53671-1,53671,W_CROCKAHE,5361,TRILLICK,wind,5.0,False,55.1127756,-7.4186417,55.1,-7.4,+055.10_-0007.40
53672-2,53672,W_DRUMLOUG,5361,TRILLICK,wind,4.8,False,55.1127756,-7.4186417,55.1,-7.4,+055.10_-0007.40
53673-3,53673,W_BEAMHIL,5361,TRILLICK,wind,14.0,False,55.1127756,-7.4186417,55.1,-7.4,+055.10_-0007.40
53674-4,53674,W_DRUMLOUG,5361,TRILLICK,wind,9.99,False,55.1127756,-7.4186417,55.1,-7.4,+055.10_-0007.40
53871-1,53871,W_SLIEVERA,5381,TIPPERARY,wind,3.0,False,52.4722096,-8.0672001,52.5,-8.1,+052.50_-0008.10
53871-2,53871,W_SLIEVERA,5381,TIPPERARY,wind,1.6,False,52.4722096,-8.0672001,52.5,-8.1,+052.50_-0008.10
54471-1,54471,W_RAHORA,5441,WATERFORD,wind,4.25,False,52.2633036,-7.1249367,52.300000000000004,-7.1000000000000005,+052.30_-0007.10
54472-1,54472,W_BALLYMAR,5441,WATERFORD,wind,6.0,False,52.2633036,-7.1249367,52.300000000000004,-7.1000000000000005,+052.30_-0007.10
54473-1,54473,PV_CURRAGHMA,5441,WATERFORD,solar,3.99,False,52.2633036,-7.1249367,52.300000000000004,-7.1000000000000005,+052.30_-0007.10
54474-1,54474,PV_FARRANMAC,5441,WATERFORD,solar,6.0,False,52.2633036,-7.1249367,52.300000000000004,-7.1000000000000005,+052.30_-0007.10
54513-1,54513,BS_ROSSPILE,5451,ROSSPILE,biomass,100.0,False,52.3018955,-6.7423279,52.300000000000004,-6.7,+052.30_-0006.70
54571-1,54571,PV_ROSSPILE,5451,ROSSPILE,solar,95.0,True,52.3018955,-6.7423279,52.300000000000004,-6.7,+052.30_-0006.70
54630-1,54630,EASTWEST,54630,EASTWEST,unknown,500.0,False,53.4712157,-6.5675597,53.5,-6.6000000000000005,+053.50_-0006.60
55071-1,55071,W_CARNSORE,5501,WEXFORD,wind,11.9,False,52.3403641,-6.5394499,52.300000000000004,-6.5,+052.30_-0006.50
55072-2,55072,W_RICHFIEL,5501,WEXFORD,wind,20.25,False,52.3403641,-6.5394499,52.300000000000004,-6.5,+052.30_-0006.50
55073-3,55073,W_RICHFIEL,5501,WEXFORD,wind,6.75,False,52.3403641,-6.5394499,52.300000000000004,-6.5,+052.30_-0006.50
55074-1,55074,PV_BLUSHEENS,5501,WEXFORD,solar,7.98,True,52.3403641,-6.5394499,52.300000000000004,-6.5,+052.30_-0006.50
55076-1,55076,PV_DAVIDSTOW,5501,WEXFORD,solar,4.95,False,52.3403641,-6.5394499,52.300000000000004,-6.5,+052.30_-0006.50
66095-1,66095,W_SLIABH_BAW,66094,SLIABH BAWN,wind,58.0,False,53.7511805,-8.0518963,53.800000000000004,-8.1,+053.80_-0008.10
67025-1,67025,W_OWENINEY_P,14013,,wind,89.0,False,,,,,
67026-2,67026,W_OWENINEY_P,14013,,wind,83.0,False,,,,,
67030-1,67030,W_BOOLYNAG_P,1251,BOOLTIAGH,wind,36.98,False,52.7756037,-9.240483,52.800000000000004,-9.200000000000001,+052.80_-0009.20
67031-1,67031,W_CASTLEPO_P,1881,CHARLEVILLE,wind,10.0,False,52.3301844,-8.6941349,52.300000000000004,-8.700000000000001,+052.30_-0008.70
67031-2,67031,W_CASTLEPO_P,1881,CHARLEVILLE,wind,24.0,False,52.3301844,-8.6941349,52.300000000000004,-8.700000000000001,+052.30_-0008.70
67034-1,67034,W_GROUSEMOUN,6201,COOMATAGGART,wind,114.2,False,51.8735614,-9.3145611,51.900000000000006,-9.3,+051.90_-0009.30
67044-1,67044,W_CARRIGDANG,3891,CARRIGDANGAN,wind,54.3,False,51.8043751,-9.1207652,51.800000000000004,-9.1,+051.80_-0009.10
67044-2,67044,W_CARRIGDANG,3891,CARRIGDANGAN,wind,13.6,False,51.8043751,-9.1207652,51.800000000000004,-9.1,+051.80_-0009.10
67045-1,67045,W_RAHEENLE_P,1121,ARKLOW,wind,35.2,False,52.8151839,-6.147732,52.800000000000004,-6.1000000000000005,+052.80_-0006.10
67058-1,67058,W_SEECON_PH1,2111,UGGOOL,wind,108.0,False,53.3536722,-9.3355257,53.400000000000006,-9.3,+053.40_-0009.30
67059-1,67059,W_BS_KILLALA,5241,TAWNAGHMORE,wind,19.2,False,54.1918026,-9.2178772,54.2,-9.200000000000001,+054.20_-0009.20
67059-2,67059,W_BS_KILLALA,5241,TAWNAGHMORE,wind,10.8,False,54.1918026,-9.2178772,54.2,-9.200000000000001,+054.20_-0009.20
67062-1,67062,W_BUFFY,20900,BUFFY,wind,91.2,False,53.3580797,-9.2937884,53.400000000000006,-9.3,+053.40_-0009.30
67062-2,67062,W_BUFFY,20900,BUFFY,wind,18.0,False,53.3580797,-9.2937884,53.400000000000006,-9.3,+053.40_-0009.30
67066-1,67066,W_MOUNTLUC_P,2401,MOUNT LUCAS,wind,79.2,False,53.262337,-7.2520289,53.300000000000004,-7.300000000000001,+053.30_-0007.30
67069-1,67069,W_KILLHILL_P,2391,KILL HILL,wind,36.0,False,52.5172741,-7.8209426,52.5,-7.800000000000001,+052.50_-0007.80
67071-5,67071,W_OWENINEY_3,14016,,wind,50.0,False,,,,,
67073-1,67073,W_SORRELL IS,1251,BOOLTIAGH,wind,24.0,False,52.7756037,-9.240483,52.800000000000004,-9.200000000000001,+052.80_-0009.20
67073-2,67073,W_SORRELL IS,1251,BOOLTIAGH,wind,8.0,False,52.7756037,-9.240483,52.800000000000004,-9.200000000000001,+052.80_-0009.20
67083-1,67083,W_CLAHANE_PH,1651,CLAHANE,wind,13.8,False,52.3787738,-9.548026,52.400000000000006,-9.5,+052.40_-0009.50
67084-1,67084,W_BRUCKANA,3621,LISHEEN,wind,39.6,False,52.7513555,-7.6819128,52.800000000000004,-7.7,+052.80_-0007.70
67144-1,67144,W_COOLBERRIN,3561,LISDRUM,wind,33.1,False,54.2447228,-6.9102424,54.2,-6.9,+054.20_-0006.90
67213-1,67213,W_AN_CNOC,5301,THURLES,wind,11.5,False,52.6919962,-7.7642805,52.7,-7.800000000000001,+052.70_-0007.80
68087-1,68087,W_CARRICKEEN,4981,SLIGO,wind,7.65,False,54.2412252,-8.4672217,54.2,-8.5,+054.20_-0008.50
68092-1,68092,W_UGGOOL_PH1,2111,UGGOOL,wind,66.0,False,53.3536722,-9.3355257,53.400000000000006,-9.3,+053.40_-0009.30
68093-1,68093,W_KILMEEDY_P,1881,CHARLEVILLE,wind,4.7,False,52.3301844,-8.6941349,52.300000000000004,-8.700000000000001,+052.30_-0008.70
68094-1,68094,W_LEITIR_PH1,4951,SALTHILL,wind,13.8,False,53.2741041,-9.0793907,53.300000000000004,-9.1,+053.30_-0009.10
68095-1,68095,W_KNOCKNAMON,68090,,wind,34.0,False,,,,,
68101-1,68101,W_FAUGHA_PH1,4981,SLIGO,wind,6.0,False,54.2412252,-8.4672217,54.2,-8.5,+054.20_-0008.50
68104-1,68104,PV_KNOCKADOS,1121,ARKLOW,solar,6.0,False,52.8151839,-6.147732,52.800000000000004,-6.1000000000000005,+052.80_-0006.10
68108-1,68108,W_LEALET_PH1,4951,SALTHILL,wind,8.0,False,53.2741041,-9.0793907,53.300000000000004,-9.1,+053.30_-0009.10
68115-1,68115,W_RATHNACALL,1881,CHARLEVILLE,wind,4.45,False,52.3301844,-8.6941349,52.300000000000004,-8.700000000000001,+052.30_-0008.70
68123-1,68123,W_BOOLARD,1881,CHARLEVILLE,wind,4.45,False,52.3301844,-8.6941349,52.300000000000004,-8.700000000000001,+052.30_-0008.70
68128-1,68128,W_CARROWNA_P,5221,TULLABRACK,wind,4.6,False,52.6730693,-9.4791123,52.7,-9.5,+052.70_-0009.50
68131-1,68131,W_BALLYBEAGH,5301,THURLES,wind,13.8,False,52.6919962,-7.7642805,52.7,-7.800000000000001,+052.70_-0007.80
68134-1,68134,W_BARRANAF_P,1461,BARRYMORE,wind,32.4,False,52.0958683,-8.2546807,52.1,-8.3,+052.10_-0008.30
68136-1,68136,W_MONAINCH_P,3101,IKERRIN,wind,35.95,False,52.91857,-7.7713595,52.900000000000006,-7.800000000000001,+052.90_-0007.80
68143-1,68143,W_BUNNAHOW_P,1401,BELLACORICK,wind,2.55,False,54.1205007,-9.5787377,54.1,-9.600000000000001,+054.10_-0009.60
68145-2,68145,PV_BOOLABRI_,2161,DOON,solar,8.0,False,52.3836007,-7.6676498,52.400000000000006,-7.7,+052.40_-0007.70
68148-1,68148,W_CAHERMUR_P,1251,BOOLTIAGH,wind,6.0,False,52.7756037,-9.240483,52.800000000000004,-9.200000000000001,+052.80_-0009.20
68154-1,68154,W_GLENGOOL_P,5301,THURLES,wind,4.6,False,52.6919962,-7.7642805,52.7,-7.800000000000001,+052.70_-0007.80
68157-1,68157,W_HOLMES_H_P,5301,THURLES,wind,9.6,False,52.6919962,-7.7642805,52.7,-7.800000000000001,+052.70_-0007.80
68158-1,68158,W_GURTEEN_PH,5301,THURLES,wind,2.3,False,52.6919962,-7.7642805,52.7,-7.800000000000001,+052.70_-0007.80
68165-1,68165,W_KILPADDOGE,3461,KILPADDOGE,wind,18.0,False,52.5801792,-9.3963977,52.6,-9.4,+052.60_-0009.40
68175-1,68175,W_CREGG,3821,MEATH HILL,wind,23.06,False,53.8911239,-6.7310796,53.900000000000006,-6.7,+053.90_-0006.70
68181-1,68181,W_GLENCARB_P,5274,CAUTEEN,wind,33.0,False,52.5375573,-8.1938573,52.5,-8.200000000000001,+052.50_-0008.20
68190-1,68190,W_PV_BALLYCU,2141,DUNGARVAN,wind,4.99,False,52.1082836,-7.6536881,52.1,-7.7,+052.10_-0007.70
68195-1,68195,W_COOLY_PH1,5361,TRILLICK,wind,4.0,False,55.1127756,-7.4186417,55.1,-7.4,+055.10_-0007.40
68209-1,68209,W_BALLYCUM_P,1121,ARKLOW,wind,18.0,False,52.8151839,-6.147732,52.800000000000004,-6.1000000000000005,+052.80_-0006.10
68219-1,68219,W_CURRAGHD_P,5261,TRIEN,wind,4.5,False,52.4245772,-9.426115,52.400000000000006,-9.4,+052.40_-0009.40
68222-1,68222,W_BALLYBANE,1281,BALLYLICKEY,wind,17.5,False,51.7239932,-9.4296621,51.7,-9.4,+051.70_-0009.40
68223-1,68223,W_ANARGET_PH,1341,BINBANE,wind,0.5,False,54.7189369,-8.2634291,54.7,-8.3,+054.70_-0008.30
68224-1,68224,W_KNOCKNATAL,1881,CHARLEVILLE,wind,18.3,False,52.3301844,-8.6941349,52.300000000000004,-8.700000000000001,+052.30_-0008.70
68230-1,68230,MEATH_WASTE,2181,DRYBRIDGE,unknown,17.22,False,53.7247696,-6.4010215,53.7,-6.4,+053.70_-0006.40
68233-1,68233,W_GORTNACLOG,5261,TRIEN,wind,4.6,False,52.4245772,-9.426115,52.400000000000006,-9.4,+052.40_-0009.40
68233-2,68233,W_GORTNACLOG,5261,TRIEN,wind,4.4,False,52.4245772,-9.426115,52.400000000000006,-9.4,+052.40_-0009.40
68240-1,68240,W_TULLYNAM_P,3821,MEATH HILL,wind,2.638,False,53.8911239,-6.7310796,53.900000000000006,-6.7,+053.90_-0006.70
68241-1,68241,W_DUNMORE_PH,2181,DRYBRIDGE,wind,2.3,False,53.7247696,-6.4010215,53.7,-6.4,+053.70_-0006.40
68247-1,68247,W_CORVODERRY,14010,BELLACORICK,wind,33.9,False,54.1205007,-9.5787377,54.1,-9.600000000000001,+054.10_-0009.60
68254-1,68254,W_CARROWLE_P,4371,GLENREE,wind,2.65,False,54.1053454,-8.9893244,54.1,-9.0,+054.10_-0009.00
68260-1,68260,W_CRONALAG_P,1571,ARDNAGAPPARY,wind,17.96,False,55.0566404,-8.2688178,55.1,-8.3,+055.10_-0008.30
68262-1,68262,W_STACK_MOUN,3251,REAMORE,wind,25.3,False,52.302124,-9.5436255,52.300000000000004,-9.5,+052.30_-0009.50
68265-1,68265,W_TEEVURCH_P,3821,MEATH HILL,wind,9.0,False,53.8911239,-6.7310796,53.900000000000006,-6.7,+053.90_-0006.70
68267-1,68267,W_KILTUMPER,1251,BOOLTIAGH,wind,4.99,False,52.7756037,-9.240483,52.800000000000004,-9.200000000000001,+052.80_-0009.20
68269-1,68269,W_CLOGHERA_P,1341,BINBANE,wind,20.0,False,54.7189369,-8.2634291,54.7,-8.3,+054.70_-0008.30
68269-2,68269,W_CLOGHERA_P,1341,BINBANE,wind,3.6,False,54.7189369,-8.2634291,54.7,-8.3,+054.70_-0008.30
68272-1,68272,W_CORDAL_PH2,1311,CORDAL,wind,89.85,False,52.2145657,-9.2855811,52.2,-9.3,+052.20_-0009.30
68282-1,68282,W_KILVINAN_P,1281,BALLYLICKEY,wind,5.82,False,51.7239932,-9.4296621,51.7,-9.4,+051.70_-0009.40
68284-1,68284,W_BEAMHILL_P,5361,TRILLICK,wind,6.9,False,55.1127756,-7.4186417,55.1,-7.4,+055.10_-0007.40
68285-1,68285,W_LISDOWNE_P,4481,,wind,9.2,False,,,,,
68294-1,68294,W_RARAGH_PH2,3821,MEATH HILL,wind,11.5,False,53.8911239,-6.7310796,53.900000000000006,-6.7,+053.90_-0006.70
68297-1,68297,W_CLEANRATH,6201,COOMATAGGART,wind,42.64,False,51.8735614,-9.3145611,51.900000000000006,-9.3,+051.90_-0009.30
68298-1,68298,ELM_PARK_DEV,1421,BLACKROCK,unknown,0.22,False,53.2914859,-6.1746313,53.300000000000004,-6.2,+053.30_-0006.20
68300-1,68300,ELM_PARK_DEV,1421,BLACKROCK,unknown,0.334,False,53.2914859,-6.1746313,53.300000000000004,-6.2,+053.30_-0006.20
68303-1,68303,W_KILBEREH_P,1881,CHARLEVILLE,wind,4.799,False,52.3301844,-8.6941349,52.300000000000004,-8.700000000000001,+052.30_-0008.70
68306-1,68306,W_BALLYCADDA,36411,CRORY,wind,9.762,False,52.579165,-6.5358105,52.6,-6.5,+052.60_-0006.50
68307-1,68307,W_KNOCKNALOU,36411,CRORY,wind,3.95,False,52.579165,-6.5358105,52.6,-6.5,+052.60_-0006.50
68308-1,68308,W_MEENAD_S_P,4091,MULREAVY,wind,5.4,False,54.6644867,-7.9692346,54.7,-8.0,+054.70_-0008.00
68311-1,68311,W_TULLABRA_P,5221,TULLABRACK,wind,13.8,False,52.6730693,-9.4791123,52.7,-9.5,+052.70_-0009.50
68312-1,68312,W_BLACKLOU_P,4371,GLENREE,wind,12.5,False,54.1053454,-8.9893244,54.1,-9.0,+054.10_-0009.00
68313-1,68313,KNOCKHARLEY_,2181,DRYBRIDGE,unknown,3.525,False,53.7247696,-6.4010215,53.7,-6.4,+053.70_-0006.40
68314-1,68314,KNOCKHARLEY_,2181,DRYBRIDGE,unknown,1.425,False,53.7247696,-6.4010215,53.7,-6.4,+053.70_-0006.40
68323-1,68323,W_BALLYDUF_P,36411,CRORY,wind,0.6,False,52.579165,-6.5358105,52.6,-6.5,+052.60_-0006.50
68325-1,68325,BALLYSHANNON,5501,WEXFORD,unknown,0.1,False,52.3403641,-6.5394499,52.300000000000004,-6.5,+052.30_-0006.50
68404-1,68404,W_GROVE HILL,2101,DUNDALK,wind,16.1,False,54.0053368,-6.4237884,54.0,-6.4,+054.00_-0006.40
68408-1,68408,W_BALLYMAR_P,5441,WATERFORD,wind,8.28,False,52.2633036,-7.1249367,52.300000000000004,-7.1000000000000005,+052.30_-0007.10
68410-1,68410,W_CAPPAGHW_P,5271,CAUTEEN,wind,13.18,False,52.5375573,-8.1938573,52.5,-8.200000000000001,+052.50_-0008.20
68534-1,68534,CONNAUGHT_RE,1141,ATHLONE,unknown,0.66,False,53.4230436,-7.9745082,53.400000000000006,-8.0,+053.40_-0008.00
68536-1,68536,BALLYNAGRAN_,1301,BALLYBEG,unknown,0.75,False,52.9909581,-6.0958665,53.0,-6.1000000000000005,+053.00_-0006.10
68537-1,68537,BALLYNAGRAN_,1301,BALLYBEG,unknown,3.5,False,52.9909581,-6.0958665,53.0,-6.1000000000000005,+053.00_-0006.10
68547-1,68547,BIO_MCDONNEL,4681,RATHKEALE,unknown,0.44,False,52.5436993,-8.9685536,52.5,-9.0,+052.50_-0009.00
68547-2,68547,BIO_MCDONNEL,4681,RATHKEALE,unknown,3.2,False,52.5436993,-8.9685536,52.5,-9.0,+052.50_-0009.00
68554-1,68554,BIO_FARRELLY,4221,NAVAN,unknown,13.0,False,53.6997602,-6.7064767,53.7,-6.7,+053.70_-0006.70
68564-1,68564,BIO_ADAMBRID,3301,KNOCKEARAGH,unknown,3.0,False,52.0764652,-9.4387403,52.1,-9.4,+052.10_-0009.40
68566-1,68566,KEELINGS_CHP,2701,GLASMORE,unknown,1.7,False,53.4677716,-6.2384064,53.5,-6.2,+053.50_-0006.20
69182-1,69182,BALLYMAKAILY,2861,GRANGE CASTL,unknown,57.6,False,53.3299746,-6.4452964,53.300000000000004,-6.4,+053.30_-0006.40
69183-1,69183,BALLYMAKAILY,2861,GRANGE CASTL,unknown,57.6,False,53.3299746,-6.4452964,53.300000000000004,-6.4,+053.30_-0006.40
69197-1,69197,W_ACRES,17010,CATH FALL,wind,17.5,False,54.4987533,-8.1769822,54.5,-8.200000000000001,+054.50_-0008.20
69335-1,69335,W_WOODHOUS_P,6931,WOODHOUSE,wind,20.0,False,52.0822332,-7.7706666,52.1,-7.800000000000001,+052.10_-0007.80
70091-SN,70091,WIND_SNU,70010,AGHYOULE,wind,13.5,False,54.1627134,-7.5851248,54.2,-7.6000000000000005,+054.20_-0007.60
70093-S1,70093,WIND_RUS,70010,AGHYOULE,wind,27.0,False,54.1627134,-7.5851248,54.2,-7.6000000000000005,+054.20_-0007.60
70094-S2,70094,WIND_RUS,70010,AGHYOULE,wind,27.0,False,54.1627134,-7.5851248,54.2,-7.6000000000000005,+054.20_-0007.60
70095-MM,70095,WIND_MM,70010,AGHYOULE,wind,15.0,False,54.1627134,-7.5851248,54.2,-7.6000000000000005,+054.20_-0007.60
70390-CR,70390,PV_RENEW_AN,70311,ANTR1,solar,1.7,False,54.7277414,-6.2208116,54.7,-6.2,+054.70_-0006.20
70390-DP,70390,PV_RENEW_AN,70311,ANTR1,solar,4.995,True,54.7277414,-6.2208116,54.7,-6.2,+054.70_-0006.20
70390-DR,70390,PV_RENEW_AN,70311,ANTR1,solar,25.0,False,54.7277414,-6.2208116,54.7,-6.2,+054.70_-0006.20
70394-MF,70394,PV_MILLAR FA,70311,ANTR1,solar,7.62,False,54.7277414,-6.2208116,54.7,-6.2,+054.70_-0006.20
70507-7,70507,BAFDG7,70510,BAFD1,unknown,55.0,False,54.8423899,-5.7822124,54.800000000000004,-5.800000000000001,+054.80_-0005.80
70508-8,70508,BAFDG8,70510,BAFD1,unknown,55.0,False,54.8423899,-5.7822124,54.800000000000004,-5.800000000000001,+054.80_-0005.80
70513-A,70513,BAFD_GA,70520,BAFD2,unknown,157.0,True,54.8451971,-5.7840555,54.800000000000004,-5.800000000000001,+054.80_-0005.80
70514-B,70514,BAFD_GB,70520,BAFD2,unknown,157.0,True,54.8451971,-5.7840555,54.800000000000004,-5.800000000000001,+054.80_-0005.80
70515-C,70515,BAFD_GC,70520,BAFD2,unknown,173.0,True,54.8451971,-5.7840555,54.800000000000004,-5.800000000000001,+054.80_-0005.80
70516-D,70516,BAFD_GD,70510,BAFD1,unknown,97.0,True,54.8423899,-5.7822124,54.800000000000004,-5.800000000000001,+054.80_-0005.80
71037-EL,71037,WIND_ELG,71011,BAME1,wind,23.0,False,54.8512107,-6.2853537,54.900000000000006,-6.300000000000001,+054.90_-0006.30
71038-RS,71038,WIND_RSHERRY,71011,BAME1,wind,21.15,False,54.8512107,-6.2853537,54.900000000000006,-6.300000000000001,+054.90_-0006.30
71080-MN,71080,BAME3_DU,71011,BAME1,unknown,4.6,False,54.8512107,-6.2853537,54.900000000000006,-6.300000000000001,+054.90_-0006.30
71091-CO,71091,WIND_COR,71011,BAME1,wind,5.0,False,54.8512107,-6.2853537,54.900000000000006,-6.300000000000001,+054.90_-0006.30
71093-BR,71093,PV_BALLYGARV,71011,BAME1,solar,6.0,True,54.8512107,-6.2853537,54.900000000000006,-6.300000000000001,+054.90_-0006.30
71590-BB,71590,BS_RENEW_BA,71511,BANB1,biomass,12.224,False,54.3439696,-6.2458547,54.300000000000004,-6.2,+054.30_-0006.20
72590-CT,72590,BS_RENEW_BN,72512,BNCH1,biomass,12.0,False,54.3907852,-5.8782828,54.400000000000006,-5.9,+054.40_-0005.90
73501-BR,73501,WIND_BRO,73500,BROCK1,wind,47.5,False,54.9371278,-6.7382085,54.900000000000006,-6.7,+054.90_-0006.70
73530-CE,73530,GARVAGH NI,73510,,unknown,34.0,False,,,,,
73530-EN,73530,GARVAGH NI,73510,,unknown,39.9,False,,,,,
73530-SN,73530,GARVAGH NI,73510,,unknown,16.1,False,,,,,
74091-CH,74091,WIND_CNH,74011,CARN1,wind,13.8,False,54.6869153,-5.9538319,54.7,-6.0,+054.70_-0006.00
74514-CB,74514,BS_CAST-BES,74511,CAST1,biomass,50.0,False,54.5629404,-5.8784287,54.6,-5.9,+054.60_-0005.90
75091-RH,75091,WIND_RIG,75010,COLE1,wind,5.0,False,55.1094142,-6.6873926,55.1,-6.7,+055.10_-0006.70
75092-GR,75092,WIND_GRU,75010,COLE1,wind,25.0,False,55.1094142,-6.6873926,55.1,-6.7,+055.10_-0006.70
75093-GA,75093,WIND_GAR,75010,COLE1,wind,15.0,False,55.1094142,-6.6873926,55.1,-6.7,+055.10_-0006.70
75094-DM,75094,WIND_DNM,75010,COLE1,wind,21.0,False,55.1094142,-6.6873926,55.1,-6.7,+055.10_-0006.70
75095-DB,75095,WIND_DUN,75010,COLE1,wind,42.0,False,55.1094142,-6.6873926,55.1,-6.7,+055.10_-0006.70
75508-8,75508,COOLG8,75510,COOL1,unknown,53.0,True,55.0424072,-7.2472407,55.0,-7.2,+055.00_-0007.20
75515-ST,75515,GEN_COOL,75510,COOL1,unknown,165.0,True,55.0424072,-7.2472407,55.0,-7.2,+055.00_-0007.20
75516-GT,75516,GEN_COOL,75520,COOLKEER,unknown,253.0,True,55.0424072,-7.2472407,55.0,-7.2,+055.00_-0007.20
75590-MB,75590,RENEW_CO,75510,COOL1,unknown,12.0,False,55.0424072,-7.2472407,55.0,-7.2,+055.00_-0007.20
75591-G1,75591,BIO_MAYD,75510,COOL1,unknown,17.6,True,55.0424072,-7.2472407,55.0,-7.2,+055.00_-0007.20
75630-AU,75630,AUGT,75610,,gas,37.2,False,,,,,
75830-BQ,75830,CREA3,75810,CREAGH,unknown,4.98,False,54.7612165,-6.4927469,54.800000000000004,-6.5,+054.80_-0006.50
77090-MN,77090,RENEW_DR,77010,,unknown,2.6,False,,,,,
77291-CA,77291,WIND_CAST,77210,DRUMQUIN,wind,25.0,False,54.575301,-7.4862623,54.6,-7.5,+054.60_-0007.50
77292-CO,77292,WIND_CORN,77210,DRUMQUIN,wind,36.0,False,54.575301,-7.4862623,54.6,-7.5,+054.60_-0007.50
77294-SG,77294,WIND_SLIEVEG,77210,DRUMQUIN,wind,6.9,False,54.575301,-7.4862623,54.6,-7.5,+054.60_-0007.50
77591-CR,77591,WIND_CRO,77511,DUNG1,wind,17.5,False,54.5330816,-6.7496081,54.5,-6.7,+054.50_-0006.70
78590-LI,78590,RENEW_ED,78511,EDEN1,unknown,2.3,False,54.7377509,-5.7827614,54.7,-5.800000000000001,+054.70_-0005.80
79091-CA,79091,WIND_CAL,79010,ENNISKIL,wind,16.9,False,54.3671413,-7.6326094,54.400000000000006,-7.6000000000000005,+054.40_-0007.60
79094-OM,79094,ORA MORE,79010,ENNISKIL,unknown,15.0,False,54.3671413,-7.6326094,54.400000000000006,-7.6000000000000005,+054.40_-0007.60
80700-SS,80700,WIND_SHA,80710,GORT,wind,16.1,False,54.4851717,-7.1171035,54.5,-7.1000000000000005,+054.50_-0007.10
80701-CV,80701,WIND_CRO,80710,GORT,wind,7.5,False,54.4851717,-7.1171035,54.5,-7.1000000000000005,+054.50_-0007.10
80702-TG,80702,WIND_TEI,80710,GORT,wind,11.0,False,54.4851717,-7.1171035,54.5,-7.1000000000000005,+054.50_-0007.10
80790-MM,80790,RENEW_GO,80710,GORT,unknown,21.6,False,54.4851717,-7.1171035,54.5,-7.1000000000000005,+054.50_-0007.10
80797-S2,80797,WIND_DIV2,80710,GORT,wind,18.8,False,54.4851717,-7.1171035,54.5,-7.1000000000000005,+054.50_-0007.10
80798-AL,80798,WIND_ALM,80710,GORT,wind,14.1,False,54.4851717,-7.1171035,54.5,-7.1000000000000005,+054.50_-0007.10
81531-KL,81531,BS_KELLS_BS,81510,KELS1,biomass,50.0,False,54.8036875,-6.1653631,54.800000000000004,-6.2,+054.80_-0006.20
81831-EL,81831,EGLISH,81810,,unknown,15.0,False,,,,,
81832-CA,81832,WIND_CAR,81810,,wind,20.7,False,,,,,
82003-3,82003,GEN_KILR,82020,KILR2,unknown,42.0,False,54.727135,-5.7679308,54.7,-5.800000000000001,+054.70_-0005.80
82004-4,82004,GEN_KILR,82020,KILR2,unknown,42.0,False,54.727135,-5.7679308,54.7,-5.800000000000001,+054.70_-0005.80
82006-6,82006,KIL_OCGT6,82020,KILR2,gas,350.0,True,54.727135,-5.7679308,54.7,-5.800000000000001,+054.70_-0005.80
82007-7,82007,KIL_OCGT7,82020,KILR2,gas,350.0,True,54.727135,-5.7679308,54.7,-5.800000000000001,+054.70_-0005.80
82011-1,82011,KILR_AU1,82020,KILR2,unknown,28.0,False,54.727135,-5.7679308,54.7,-5.800000000000001,+054.70_-0005.80
82012-2,82012,KILR_AU2,82020,KILR2,unknown,28.0,False,54.727135,-5.7679308,54.7,-5.800000000000001,+054.70_-0005.80
83091-EH,83091,WIND_EH&,83012,LARN1,wind,5.0,False,54.847707,-5.8553653,54.800000000000004,-5.9,+054.80_-0005.90
83091-WB,83091,WIND_EH&,83012,LARN1,wind,10.0,False,54.847707,-5.8553653,54.800000000000004,-5.9,+054.80_-0005.90
83092-BK,83092,BALYKEEL,83012,LARN1,unknown,16.1,False,54.847707,-5.8553653,54.800000000000004,-5.9,+054.80_-0005.90
83591-A1,83591,WIND_ALT,83510,LIMA1,wind,26.0,False,55.0242354,-6.9158482,55.0,-6.9,+055.00_-0006.90
83592-A2,83592,WIND_ALT,83510,LIMA1,wind,11.7,False,55.0242354,-6.9158482,55.0,-6.9,+055.00_-0006.90
84095-BA,84095,PV_BALIN ROA,84011,LISB1,solar,16.95,True,54.5211635,-6.0904031,54.5,-6.1000000000000005,+054.50_-0006.10
84096-LR,84096,PV_LOUGH ROA,84011,LISB1,solar,21.2,True,54.5211635,-6.0904031,54.5,-6.1000000000000005,+054.50_-0006.10
84097-MR,84097,PV_MAG ROAD,84011,LISB1,solar,20.7,True,54.5211635,-6.0904031,54.5,-6.1000000000000005,+054.50_-0006.10
84491-CU,84491,WIND_CUR,84412,LSMR1,wind,15.0,False,54.9806374,-7.3049906,55.0,-7.300000000000001,+055.00_-0007.30
84590-CL,84590,RENEW_LO,84511,LOGE1,unknown,9.2,False,55.1478388,-6.6561595,55.1,-6.7,+055.10_-0006.70
85590-GR,85590,RENEW_MA,85510,,unknown,11.75,False,,,,,
85590-SE,85590,RENEW_MA,85510,,unknown,14.1,False,,,,,
85590-SX,85590,RENEW_MA,85510,,unknown,7.05,False,,,,,
85590-TI,85590,RENEW_MA,85510,,unknown,34.5,False,,,,,
85591-CH,85591,WIND_CHU,85510,,wind,18.4,False,,,,,
85592-CR,85592,WIND_CRI,85510,,wind,32.2,False,,,,,
85593-TH,85593,WIND_THO,85510,,wind,20.0,False,,,,,
86221-1,86221,SCOTLAND,86221,,unknown,500.0,False,,,,,
86332-BY,86332,PV_RENEW_NAR,86312,NARD1,solar,4.99,False,54.602727,-5.6775437,54.6,-5.7,+054.60_-0005.70
86590-CH,86590,RENEW_NE,86512,NEWY1,unknown,16.0,False,54.1790704,-6.3198565,54.2,-6.300000000000001,+054.20_-0006.30
87591-T1,87591,WIND_TAP,87510,OMAH1,wind,19.5,False,54.5779193,-7.2810517,54.6,-7.300000000000001,+054.60_-0007.30
87591-T2,87591,WIND_TAP,87510,OMAH1,wind,9.0,False,54.5779193,-7.2810517,54.6,-7.300000000000001,+054.60_-0007.30
87592-HH,87592,WIND_HUN,87510,OMAH1,wind,20.0,False,54.5779193,-7.2810517,54.6,-7.300000000000001,+054.60_-0007.30
87593-B1,87593,WIND_BES,87510,OMAH1,wind,5.0,False,54.5779193,-7.2810517,54.6,-7.300000000000001,+054.60_-0007.30
87593-B2,87593,WIND_BES,87510,OMAH1,wind,9.0,False,54.5779193,-7.2810517,54.6,-7.300000000000001,+054.60_-0007.30
87594-LE,87594,WIND_LEN,87510,OMAH1,wind,13.2,False,54.5779193,-7.2810517,54.6,-7.300000000000001,+054.60_-0007.30
87596-SC,87596,WIND_SCR,87510,OMAH1,wind,20.0,False,54.5779193,-7.2810517,54.6,-7.300000000000001,+054.60_-0007.30
87991-BR,87991,PV_BANN ROAD,87900,,solar,29.81,True,,,,,
87992-AV,87992,WIND_ALVN,87900,,wind,18.0,False,,,,,
87993-G1,87993,WIND_GLEN,87900,,wind,9.2,False,,,,,
87994-LM,87994,WIND_LM,87900,,wind,27.6,False,,,,,
87995-FR,87995,PV_FIN ROAD,87900,,solar,5.209,True,,,,,
88539-BB,88539,ROSE_BIO,88512,ROSE1,unknown,9.98,True,54.5759299,-5.8678235,54.6,-5.9,+054.60_-0005.90
89202-S2,89202,WIND_SKR,89210,,wind,27.6,False,,,,,
89231-S1,89231,GLEN_ALT,89210,,unknown,27.6,False,,,,,
89231-SM,89231,GLEN_ALT,89210,,unknown,18.4,False,,,,,
89591-O1,89591,WIND_OWE,89510,STRABANE,wind,5.5,False,54.8524826,-7.4307015,54.900000000000006,-7.4,+054.90_-0007.40
89591-O2,89591,WIND_OWE,89510,STRABANE,wind,5.1,False,54.8524826,-7.4307015,54.900000000000006,-7.4,+054.90_-0007.40
89592-BM,89592,WIND_BIN,89510,STRABANE,wind,9.0,False,54.8524826,-7.4307015,54.900000000000006,-7.4,+054.90_-0007.40
89593-LH,89593,WIND_LHI,89510,STRABANE,wind,8.5,False,54.8524826,-7.4307015,54.900000000000006,-7.4,+054.90_-0007.40
90031-MV,90031,BS_TAND_BES,90011,TAND1,biomass,50.0,False,54.3700948,-6.425216,54.400000000000006,-6.4,+054.40_-0006.40
90231-CC,90231,WIND_CRE,90210,,wind,13.8,False,,,,,
90232-CD,90232,WIND_CDU,90210,,wind,12.5,False,,,,,
90233-GO,90233,WIND_GOR,90210,,wind,15.0,False,,,,,
90234-IN,90234,WIND_INI,90210,,wind,13.8,False,,,,,
90235-EM,90235,WIND_ESH,90210,,wind,7.05,False,,,,,
90237-CR,90237,WIND_CRD,90210,,wind,15.0,False,,,,,
90330-DK,90330,BS_TAMN_BES,90310,TAMNAMOR,biomass,50.0,False,54.5119455,-6.6816791,54.5,-6.7,+054.50_-0006.70
90540-LH,90540,PV_LHIL,90511,WARN1,solar,9.0,True,54.450423,-6.3078693,54.5,-6.300000000000001,+054.50_-0006.30
